date,open,close,low,high,volume,money,factor,high_limit,low_limit,avg,pre_close,paused
2015/5/4,13.31,13.17,12.98,13.31,179078291,2351547392,0.797179286,14.64,11.98,13.13,13.31,0
2015/5/5,13.08,12.64,12.36,13.17,288434710,3685372416,0.797179286,14.48,11.85,12.78,13.17,0
2015/5/6,12.61,12.53,12.35,12.99,244601318,3107565568,0.797179286,13.91,11.38,12.71,12.64,0
2015/5/7,12.53,12.49,12.36,12.66,157895161,1968941824,0.797179286,13.78,11.28,12.47,12.53,0
2015/5/8,12.52,12.64,12.36,12.74,172416482,2163108864,0.797179286,13.74,11.24,12.55,12.49,0
2015/5/11,12.6,12.78,12.35,12.85,266323689,3349066752,0.797179286,13.9,11.38,12.57,12.64,0
2015/5/12,12.74,12.72,12.48,12.9,249586957,3166864384,0.797179286,14.05,11.5,12.69,12.78,0
2015/5/13,12.9,12.66,12.55,12.95,220347120,2807445504,0.797179286,14,11.45,12.74,12.72,0
2015/5/14,12.75,12.67,12.51,12.79,180389494,2283604736,0.797179286,13.93,11.39,12.66,12.66,0
2015/5/15,12.6,12.32,12.17,12.66,219864779,2718885120,0.797179286,13.93,11.4,12.36,12.67,0
2015/5/18,12.12,12.1,11.93,12.24,192815366,2327558400,0.797179286,13.55,11.09,12.07,12.32,0
2015/5/19,12.09,12.43,12,12.55,240574821,2959557120,0.797179286,13.31,10.89,12.3,12.1,0
2015/5/20,12.76,12.55,12.44,12.87,324853759,4115472640,0.797179286,13.67,11.18,12.67,12.43,0
2015/5/21,12.6,12.59,12.45,12.67,176352620,2214024960,0.797179286,13.8,11.3,12.56,12.55,0
2015/5/22,12.68,12.97,12.61,12.99,328898139,4233675776,0.797179286,13.85,11.33,12.87,12.59,0
2015/5/25,13.03,13.23,13.03,13.32,342503832,4518316544,0.797179286,14.27,11.67,13.19,12.97,0
2015/5/26,13.26,13.25,12.98,13.31,350261063,4607493632,0.797179286,14.56,11.91,13.15,13.23,0
2015/5/27,13.25,13.14,13.07,13.48,293687731,3888992256,0.797179286,14.57,11.93,13.24,13.25,0
2015/5/28,13.15,12.36,12.3,13.16,342841462,4404154880,0.797179286,14.45,11.82,12.84,13.14,0
2015/5/29,12.36,12.21,12.05,12.49,252757817,3103543552,0.797179286,13.59,11.12,12.28,12.36,0
2015/6/1,12.22,12.68,12.11,12.74,270749915,3365459200,0.797179286,13.43,10.99,12.43,12.21,0
2015/6/2,12.67,12.57,12.37,12.68,238945255,2991565056,0.797179286,13.94,11.41,12.52,12.68,0
2015/6/3,12.57,12.62,12.36,12.72,247777617,3103860736,0.797179286,13.83,11.31,12.52,12.57,0
2015/6/4,12.64,13.05,12.48,13.22,461945369,5971846144,0.797179286,13.88,11.36,12.93,12.62,0
2015/6/5,13.31,12.99,12.78,13.39,358194997,4681142272,0.797179286,14.36,11.74,13.07,13.05,0
2015/6/8,13.01,13.78,12.91,13.91,638005820,8596941824,0.797179286,14.29,11.69,13.47,12.99,0
2015/6/9,13.84,13.54,13.3,13.91,412324773,5601776128,0.797179286,15.16,12.4,13.58,13.78,0
2015/6/10,13.39,13.3,13.18,13.5,275770658,3679460608,0.797179286,14.89,12.18,13.34,13.54,0
2015/6/11,13.3,13.14,13.03,13.37,214125042,2811189760,0.797179286,14.63,11.97,13.13,13.3,0
2015/6/12,13.14,13.16,13,13.26,238765461,3131996672,0.797179286,14.45,11.82,13.11,13.14,0
2015/6/15,13.18,12.69,12.68,13.23,274991671,3547149568,0.797179286,14.48,11.85,12.9,13.16,0
2015/6/16,12.6,12.47,12.36,12.8,227324000,2858213632,0.797179286,13.96,11.42,12.57,12.69,0
2015/6/17,12.62,12.54,12.32,12.67,215251734,2689990144,0.797179286,13.71,11.22,12.5,12.47,0
2015/6/18,12.5,12.26,11.97,12.5,201028164,2468466176,0.797179286,13.79,11.29,12.28,12.54,0
2015/6/19,12.16,11.66,11.56,12.27,196382483,2345768704,0.797179286,13.49,11.03,11.94,12.26,0
2015/6/23,11.67,11.92,11.25,11.93,226484580,2643180032,0.797179286,12.83,10.5,11.67,11.66,0
2015/6/24,11.96,12.05,11.72,12.06,192177116,2290363648,0.797179286,13.11,10.73,11.92,11.92,0
2015/6/25,12.42,11.85,11.77,12.46,260815206,3179774464,0.797179286,13.26,10.85,12.19,12.05,0
2015/6/26,11.67,10.98,10.67,11.92,320545429,3623880448,0.797179286,13.04,10.67,11.3,11.85,0
2015/6/29,11.22,10.81,10.16,11.28,327773594,3570319360,0.797179286,12.08,9.88,10.89,10.98,0
2015/6/30,10.79,11.59,10.67,11.59,319639916,3572978432,0.797179286,11.89,9.73,11.18,10.81,0
2015/7/1,11.44,11.1,10.95,11.63,230237553,2629096448,0.797179286,12.75,10.44,11.42,11.59,0
2015/7/2,11.08,10.96,10.67,11.41,248730276,2762337280,0.797179286,12.2,9.99,11.1,11.1,0
2015/7/3,11.14,10.42,10.2,11.15,325831125,3473335552,0.797179286,12.06,9.87,10.66,10.96,0
2015/7/6,11.4,11.06,10.59,11.41,424186476,4660186112,0.797179286,11.46,9.37,10.99,10.42,0
2015/7/7,10.89,11.68,10.53,11.68,603165697,6808003584,0.797179286,12.17,9.96,11.29,11.06,0
2015/7/8,11.01,10.51,10.51,11.16,626797139,6762103296,0.797179286,12.85,10.51,10.79,11.68,0
2015/7/9,10.51,11.37,9.65,11.51,544965931,5904698368,0.797179286,11.57,9.46,10.83,10.51,0
2015/7/10,11.04,11.85,10.85,12.24,583430593,6891581440,0.797179286,12.51,10.23,11.81,11.37,0
2015/7/13,11.48,11.51,11.26,11.87,409970030,4737400320,0.797179286,13.03,10.66,11.56,11.85,0
2015/7/14,11.32,11.06,10.77,11.46,323669925,3608580608,0.797179286,12.66,10.36,11.15,11.51,0
2015/7/15,10.89,10.83,10.68,11.13,204022260,2225697024,0.797179286,12.16,9.95,10.91,11.06,0
2015/7/16,10.84,10.84,10.7,10.97,174231803,1884221568,0.797179286,11.91,9.74,10.82,10.83,0
2015/7/17,10.89,11.02,10.79,11.11,210823039,2304999424,0.797179286,11.93,9.76,10.94,10.84,0
2015/7/20,11,10.84,10.79,11,170436320,1852316416,0.797179286,12.12,9.92,10.87,11.02,0
2015/7/21,10.77,10.82,10.67,10.87,141955961,1529148288,0.797179286,11.93,9.76,10.77,10.84,0
2015/7/22,10.75,10.78,10.63,10.79,142764703,1528783872,0.797179286,11.9,9.73,10.71,10.82,0
2015/7/23,10.73,10.9,10.69,10.96,186118253,2022035328,0.797179286,11.85,9.7,10.87,10.78,0
2015/7/24,10.91,10.67,10.62,10.92,168006121,1815659008,0.797179286,11.99,9.81,10.81,10.9,0
2015/7/27,10.56,9.92,9.6,10.62,224273163,2289450240,0.797179286,11.73,9.6,10.21,10.67,0
2015/7/28,9.72,10.06,9.69,10.17,252289646,2509971456,0.797179286,10.91,8.93,9.95,9.92,0
2015/7/29,10.04,10.04,9.87,10.06,121890131,1210759040,0.797179286,11.06,9.06,9.93,10.06,0
2015/7/30,10.05,9.77,9.75,10.08,96625561,962337472,0.797179286,11.05,9.04,9.96,10.04,0
2015/7/31,9.69,9.85,9.58,9.9,150875330,1472860288,0.797179286,10.75,8.79,9.77,9.77,0
2015/8/3,9.73,10.22,9.69,10.24,176261820,1757739776,0.797179286,10.84,8.86,9.97,9.85,0
2015/8/4,10.18,10.25,10.04,10.36,97209952,988843520,0.797179286,11.24,9.2,10.17,10.22,0
2015/8/5,10.2,10.04,10.02,10.32,69219355,704539328,0.797179286,11.28,9.22,10.18,10.25,0
2015/8/6,9.96,9.99,9.91,10.15,56476435,567208512,0.797179286,11.04,9.03,10.04,10.04,0
2015/8/7,10.05,10.05,10,10.14,78026403,785501376,0.797179286,10.99,8.99,10.07,9.99,0
2015/8/10,10.09,10.3,10,10.36,132104777,1346325120,0.797179286,11.06,9.05,10.19,10.05,0
2015/8/11,10.29,10.24,10.2,10.32,103928109,1065323968,0.797179286,11.33,9.27,10.25,10.3,0
2015/8/12,10.12,10.02,10.01,10.18,86156539,869580800,0.797179286,11.26,9.22,10.09,10.24,0
2015/8/13,9.97,10.02,9.9,10.1,76061234,760265728,0.797179286,11.02,9.02,10,10.02,0
2015/8/14,10.12,10.08,10.03,10.16,103338019,1043762752,0.797179286,11.02,9.02,10.1,10.02,0
2015/8/17,10.05,10,9.92,10.12,85255923,852588992,0.797179286,11.08,9.07,10,10.08,0
2015/8/18,9.96,9.78,9.53,10.16,147560834,1459671040,0.797179286,10.99,9,9.89,10,0
2015/8/19,9.65,9.75,9.49,9.75,120285895,1157078528,0.797179286,10.76,8.8,9.62,9.78,0
2015/8/20,9.7,9.61,9.49,9.7,85004015,815652736,0.797179286,10.72,8.78,9.6,9.75,0
2015/8/21,9.49,9.17,9.14,9.56,117083805,1095668224,0.797179286,10.57,8.65,9.36,9.61,0
2015/8/24,8.85,8.25,8.25,8.9,190425138,1601529088,0.797179286,10.08,8.25,8.41,9.17,0
2015/8/25,7.85,7.54,7.43,8.25,275011380,2122788608,0.797179286,9.08,7.43,7.72,8.25,0
2015/8/26,7.65,7.9,7.41,8.16,312592106,2460482048,0.797179286,8.3,6.78,7.87,7.54,0
2015/8/27,8.1,8.61,7.86,8.69,231972370,1912163328,0.797179286,8.69,7.11,8.24,7.9,0
2015/8/28,8.68,8.63,8.41,8.84,201714945,1728745600,0.797179286,9.47,7.75,8.57,8.61,0
2015/8/31,8.54,8.82,8.35,8.82,183684813,1578261504,0.797179286,9.49,7.77,8.59,8.63,0
2015/9/1,8.69,9.22,8.46,9.26,333383133,3003860736,0.797179286,9.71,7.94,9.01,8.82,0
2015/9/2,8.91,9.44,8.82,9.57,353213754,3273803264,0.797179286,10.15,8.3,9.27,9.22,0
2015/9/7,9.21,8.68,8.68,9.22,172622488,1544055040,0.797179286,10.38,8.5,8.94,9.44,0
2015/9/8,8.67,8.77,8.44,8.89,93742084,815241856,0.797179286,9.55,7.81,8.7,8.68,0
2015/9/9,8.79,8.85,8.67,8.92,106760667,940582976,0.797179286,9.65,7.89,8.81,8.77,0
2015/9/10,8.77,8.81,8.72,8.91,58356464,514578400,0.797179286,9.73,7.96,8.82,8.85,0
2015/9/11,8.78,8.74,8.67,8.86,53494967,469297504,0.797179286,9.69,7.93,8.77,8.81,0
2015/9/14,8.76,8.67,8.33,8.77,94891166,813927104,0.797179286,9.61,7.86,8.58,8.74,0
2015/9/15,8.52,8.43,8.37,8.65,68094971,579042240,0.797179286,9.53,7.8,8.51,8.67,0
2015/9/16,8.44,8.69,8.39,8.83,71407244,612767040,0.797179286,9.27,7.58,8.58,8.43,0
2015/9/17,8.65,8.59,8.59,8.88,77874397,682338176,0.797179286,9.56,7.82,8.76,8.69,0
2015/9/18,8.64,8.62,8.55,8.74,39924873,345063776,0.797179286,9.45,7.72,8.64,8.59,0
2015/9/21,8.53,8.63,8.49,8.68,48434665,416851072,0.797179286,9.48,7.76,8.61,8.62,0
2015/9/22,8.63,8.74,8.63,8.82,61837482,541007296,0.797179286,9.49,7.76,8.75,8.63,0
2015/9/23,8.66,8.53,8.51,8.7,46558014,399583552,0.797179286,9.61,7.86,8.59,8.74,0
2015/9/24,8.58,8.54,8.51,8.62,32443462,277274176,0.797179286,9.38,7.68,8.55,8.53,0
2015/9/25,8.52,8.41,8.33,8.54,56000025,471537664,0.797179286,9.39,7.68,8.42,8.54,0
2015/9/28,8.42,8.39,8.31,8.44,24973966,209186176,0.797179286,9.26,7.57,8.38,8.41,0
2015/9/29,8.33,8.27,8.23,8.42,41847997,347612288,0.797179286,9.23,7.56,8.31,8.39,0
2015/9/30,8.29,8.36,8.28,8.44,45743753,383230176,0.797179286,9.1,7.45,8.38,8.27,0
2015/10/8,8.65,8.53,8.53,8.68,61977381,533806144,0.797179286,9.2,7.53,8.61,8.36,0
2015/10/9,8.57,8.69,8.55,8.73,59536429,516310496,0.797179286,9.38,7.68,8.67,8.53,0
2015/10/12,8.74,8.95,8.7,9.07,106583943,950602304,0.797179286,9.56,7.82,8.92,8.69,0
2015/10/13,8.93,8.87,8.84,8.98,45133912,401600928,0.797179286,9.85,8.06,8.9,8.95,0
2015/10/14,8.8,8.75,8.72,8.89,52557893,462963488,0.797179286,9.76,7.99,8.81,8.87,0
2015/10/15,8.73,8.9,8.72,8.9,60952472,539103680,0.797179286,9.63,7.88,8.84,8.75,0
2015/10/16,8.94,8.95,8.9,9.01,71502289,640488896,0.797179286,9.8,8.01,8.96,8.9,0
2015/10/19,8.98,8.98,8.89,9.05,90741384,814910976,0.797179286,9.85,8.06,8.98,8.95,0
2015/10/20,8.93,9.02,8.92,9.07,89711724,807642368,0.797179286,9.88,8.08,9,8.98,0
2015/10/21,9,8.94,8.91,9.37,167168046,1523591936,0.797179286,9.92,8.12,9.11,9.02,0
2015/10/22,8.97,9.03,8.91,9.09,103214644,928960000,0.797179286,9.84,8.05,9,8.94,0
2015/10/23,9.08,9.14,9.04,9.19,117592759,1073981568,0.797179286,9.93,8.13,9.14,9.03,0
2015/10/26,9.25,9.18,9.12,9.41,136219987,1260872064,0.797179286,10.06,8.23,9.26,9.14,0
2015/10/27,9.17,9.15,9.04,9.28,72811270,664648832,0.797179286,10.1,8.27,9.13,9.18,0
2015/10/28,9.14,8.98,8.97,9.15,68342363,619790784,0.797179286,10.07,8.23,9.07,9.15,0
2015/10/29,9.01,8.98,8.97,9.06,39728037,357830464,0.797179286,9.89,8.08,9.01,8.98,0
2015/10/30,9.01,9.06,8.98,9.1,67228380,607980992,0.797179286,9.89,8.08,9.04,8.98,0
2015/11/2,8.98,8.88,8.85,9.02,60768739,544000192,0.797179286,9.96,8.15,8.95,9.06,0
2015/11/3,8.89,8.81,8.78,8.94,49081205,434818752,0.797179286,9.77,8,8.86,8.88,0
2015/11/4,8.83,9.32,8.81,9.33,163983709,1493255552,0.797179286,9.69,7.93,9.1,8.81,0
2015/11/5,9.25,9.62,9.21,10.02,287537546,2780266752,0.797179286,10.25,8.39,9.67,9.32,0
2015/11/6,9.58,9.88,9.5,9.89,183546525,1781331328,0.797179286,10.59,8.66,9.7,9.62,0
2015/11/9,9.96,10.32,9.93,10.67,302803633,3137641472,0.797179286,10.87,8.89,10.36,9.88,0
2015/11/10,10.2,10.16,10.05,10.42,141126045,1438707584,0.797179286,11.34,9.29,10.2,10.32,0
2015/11/11,10.12,10,9.87,10.19,128168789,1280174464,0.797179286,11.18,9.15,9.99,10.16,0
2015/11/12,10.04,9.89,9.79,10.08,84189292,833753280,0.797179286,11.01,9.01,9.9,10,0
2015/11/13,9.74,9.76,9.72,9.95,73704253,722252992,0.797179286,10.87,8.9,9.8,9.89,0
2015/11/16,9.67,9.84,9.64,9.88,70228709,685977408,0.797179286,10.73,8.78,9.77,9.76,0
2015/11/17,9.89,9.96,9.85,10.12,131273677,1315319808,0.797179286,10.82,8.86,10.02,9.84,0
2015/11/18,9.93,9.9,9.81,10.12,99564152,991513856,0.797179286,10.96,8.97,9.96,9.96,0
2015/11/19,9.89,9.96,9.83,9.97,59098460,585571008,0.797179286,10.89,8.91,9.91,9.9,0
2015/11/20,9.96,10,9.9,10.04,75019049,747487168,0.797179286,10.96,8.97,9.96,9.96,0
2015/11/23,10,9.92,9.87,10.04,76265820,760493312,0.797179286,11.01,9.01,9.97,10,0
2015/11/24,9.89,9.79,9.69,9.92,83320630,812675968,0.797179286,10.92,8.94,9.76,9.92,0
2015/11/25,9.73,9.82,9.7,9.86,64409943,629507072,0.797179286,10.77,8.81,9.77,9.79,0
2015/11/26,9.85,9.75,9.73,9.87,69270510,679692160,0.797179286,10.8,8.84,9.81,9.82,0
2015/11/27,9.71,9.35,9.19,9.73,91325243,867702400,0.797179286,10.72,8.78,9.5,9.75,0
2015/11/30,9.34,9.36,9.17,9.46,82602984,770221376,0.797179286,10.28,8.42,9.33,9.35,0
2015/12/1,9.33,9.37,9.18,9.45,85332614,793118208,0.797179286,10.29,8.43,9.3,9.36,0
2015/12/2,9.33,9.97,9.3,10.08,202684745,1978750464,0.797179286,10.31,8.43,9.77,9.37,0
2015/12/3,9.88,9.92,9.77,10.16,178877804,1786008960,0.797179286,10.97,8.98,9.98,9.97,0
2015/12/4,9.81,9.66,9.63,9.87,95904710,934906560,0.797179286,10.92,8.94,9.75,9.92,0
2015/12/7,9.71,9.69,9.6,9.77,50527234,488370688,0.797179286,10.63,8.7,9.66,9.66,0
2015/12/8,9.62,9.53,9.49,9.64,63110245,602568640,0.797179286,10.66,8.72,9.55,9.69,0
2015/12/9,9.5,9.56,9.49,9.66,53862960,515596480,0.797179286,10.49,8.58,9.57,9.53,0
2015/12/10,9.53,9.53,9.49,9.68,52385154,502326080,0.797179286,10.51,8.6,9.59,9.56,0
2015/12/11,9.49,9.43,9.35,9.5,47606360,448800928,0.797179286,10.49,8.58,9.43,9.53,0
2015/12/14,9.35,9.62,9.33,9.65,73664312,698792000,0.797179286,10.37,8.49,9.49,9.43,0
2015/12/15,9.59,9.5,9.45,9.64,45722131,436557696,0.797179286,10.59,8.66,9.55,9.62,0
2015/12/16,9.55,9.48,9.47,9.57,49269067,468510272,0.797179286,10.45,8.55,9.51,9.5,0
2015/12/17,9.54,9.62,9.53,9.68,81321074,780891776,0.797179286,10.43,8.53,9.61,9.48,0
2015/12/18,9.59,9.75,9.58,10,128320534,1257360384,0.797179286,10.59,8.66,9.8,9.62,0
2015/12/21,9.68,9.97,9.65,10.14,160709414,1595741312,0.797179286,10.72,8.78,9.93,9.75,0
2015/12/22,9.96,9.91,9.87,10.06,87570193,870121728,0.797179286,10.97,8.98,9.93,9.97,0
2015/12/23,9.94,9.95,9.89,10.19,130336834,1302341504,0.797179286,10.9,8.92,9.99,9.91,0
2015/12/24,9.93,9.84,9.76,10.01,80311876,791975808,0.797179286,10.95,8.95,9.86,9.95,0
2015/12/25,9.87,9.89,9.83,9.94,50157480,495638048,0.797179286,10.82,8.86,9.89,9.84,0
2015/12/28,9.91,9.55,9.55,9.93,103164828,1003010176,0.797179286,10.88,8.9,9.73,9.89,0
2015/12/29,9.56,9.64,9.54,9.65,77749406,744718400,0.797179286,10.51,8.59,9.58,9.55,0
2015/12/30,9.64,9.65,9.53,9.65,66818976,641277248,0.797179286,10.6,8.67,9.6,9.64,0
2015/12/31,9.65,9.56,9.55,9.67,61624647,591643584,0.797179286,10.61,8.68,9.6,9.65,0
2016/1/4,9.57,9.03,8.95,9.59,70686468,660376128,0.797179286,10.51,8.6,9.34,9.56,0
2016/1/5,8.98,9.09,8.89,9.22,83202107,755531328,0.797179286,9.93,8.13,9.08,9.03,0
2016/1/6,9.1,9.19,9.08,9.22,64691400,591698496,0.797179286,10,8.18,9.14,9.09,0
2016/1/7,9.1,8.72,8.7,9.1,21922434,194869488,0.797179286,10.11,8.27,8.89,9.19,0
2016/1/8,8.94,8.86,8.69,9,93771578,831334528,0.797179286,9.59,7.85,8.86,8.72,0
2016/1/11,8.77,8.58,8.51,8.83,91825517,800683648,0.797179286,9.75,7.98,8.72,8.86,0
2016/1/12,8.63,8.62,8.48,8.7,70453702,605970816,0.797179286,9.44,7.72,8.6,8.58,0
2016/1/13,8.68,8.54,8.53,8.72,49136937,424371712,0.797179286,9.48,7.76,8.63,8.62,0
2016/1/14,8.44,8.59,8.35,8.61,83584028,708534976,0.797179286,9.39,7.68,8.47,8.54,0
2016/1/15,8.5,8.34,8.31,8.61,56223508,474908128,0.797179286,9.45,7.72,8.45,8.59,0
2016/1/18,8.24,8.3,8.21,8.42,52816335,439917824,0.797179286,9.18,7.5,8.33,8.34,0
2016/1/19,8.33,8.54,8.3,8.59,62860274,532074688,0.797179286,9.13,7.47,8.47,8.3,0
2016/1/20,8.53,8.4,8.32,8.61,75736097,640968960,0.797179286,9.39,7.68,8.47,8.54,0
2016/1/21,8.35,8.23,8.23,8.57,76036236,638127872,0.797179286,9.24,7.57,8.39,8.4,0
2016/1/22,8.29,8.29,8.15,8.33,58550463,482984448,0.797179286,9.05,7.41,8.25,8.23,0
2016/1/25,8.29,8.27,8.23,8.32,47220459,390734880,0.797179286,9.12,7.46,8.27,8.29,0
2016/1/26,8.23,7.87,7.86,8.23,81274204,653561600,0.797179286,9.1,7.44,8.04,8.27,0
2016/1/27,7.92,7.88,7.65,7.96,71381313,558510656,0.797179286,8.66,7.08,7.83,7.87,0
2016/1/28,7.83,7.72,7.69,7.88,37951410,296055328,0.797179286,8.67,7.09,7.8,7.88,0
2016/1/29,7.76,7.97,7.72,8.04,68295272,540544459.6,0.797179286,8.5,6.95,7.92,7.72,0
2016/2/1,7.96,7.81,7.76,7.98,52401279,412635642.6,0.797179286,8.77,7.17,7.87,7.97,0
2016/2/2,7.81,7.93,7.8,8,46301273,367360499.7,0.797179286,8.59,7.03,7.93,7.81,0
2016/2/3,7.85,7.85,7.79,7.88,34442963,269997835.6,0.797179286,8.73,7.14,7.84,7.93,0
2016/2/4,7.88,7.93,7.88,7.97,46802454,370586187.5,0.797179286,8.64,7.07,7.92,7.85,0
2016/2/5,7.94,7.91,7.9,7.95,33981483,269184383.5,0.797179286,8.73,7.14,7.92,7.93,0
2016/2/15,7.7,7.8,7.69,7.85,34935612,271173372.4,0.797179286,8.7,7.12,7.76,7.91,0
2016/2/16,7.84,7.98,7.84,8,53737771,427507774.2,0.797179286,8.59,7.02,7.96,7.8,0
2016/2/17,8,8.09,7.96,8.15,73404700,590538918.8,0.797179286,8.78,7.18,8.05,7.98,0
2016/2/18,8.12,8.04,8.04,8.15,50951931,412337569.8,0.797179286,8.9,7.29,8.09,8.09,0
2016/2/19,8.04,8,7.96,8.08,40003329,320939652,0.797179286,8.85,7.24,8.02,8.04,0
2016/2/22,8.08,8.2,8.02,8.22,77490655,630251514.5,0.797179286,8.8,7.21,8.13,8,0
2016/2/23,8.2,8.07,8.01,8.2,53422659,432315311.4,0.797179286,9.02,7.38,8.09,8.2,0
2016/2/24,8.02,8.09,7.98,8.09,37645685,302498026.1,0.797179286,8.87,7.26,8.04,8.07,0
2016/2/25,8.07,7.71,7.65,8.08,78034245,615004743.3,0.797179286,8.9,7.29,7.88,8.09,0
2016/2/26,7.79,7.8,7.7,7.84,49192750,382634662.7,0.797179286,8.48,6.94,7.78,7.71,0
2016/2/29,7.8,7.62,7.51,7.82,71112785,542183971.8,0.797179286,8.59,7.02,7.62,7.8,0
2016/3/1,7.67,7.73,7.64,7.79,47405998,365149008,0.797179286,8.39,6.86,7.7,7.62,0
2016/3/2,7.77,8.05,7.75,8.08,84875980,673626229.3,0.797179286,8.51,6.96,7.94,7.73,0
2016/3/3,8.04,8.06,8,8.12,69380804,559045201.6,0.797179286,8.86,7.25,8.06,8.05,0
2016/3/4,8.04,8.29,8.03,8.37,173267055,1429273063,0.797179286,8.86,7.25,8.25,8.06,0
2016/3/7,8.25,8.24,8.21,8.36,76062309,630155599.2,0.797179286,9.12,7.46,8.29,8.29,0
2016/3/8,8.26,8.2,7.92,8.26,80679023,650471607.4,0.797179286,9.06,7.42,8.06,8.24,0
2016/3/9,8.08,8.11,8,8.15,40881726,330124892.4,0.797179286,9.02,7.37,8.08,8.2,0
2016/3/10,8.16,8.09,8.08,8.25,59462195,486414240.7,0.797179286,8.92,7.29,8.18,8.11,0
2016/3/11,8.05,8.1,8,8.15,48136815,389638934.2,0.797179286,8.9,7.29,8.09,8.09,0
2016/3/14,8.14,8.18,8.14,8.34,82184551,679161305,0.797179286,8.91,7.29,8.26,8.1,0
2016/3/15,8.2,8.23,8.1,8.26,52424891,428786691.8,0.797179286,9,7.36,8.18,8.18,0
2016/3/16,8.19,8.25,8.17,8.33,83404851,690087713.1,0.797179286,9.05,7.41,8.27,8.23,0
2016/3/17,8.26,8.31,8.21,8.35,76644789,635181313.5,0.797179286,9.08,7.43,8.29,8.25,0
2016/3/18,8.31,8.4,8.29,8.43,100004582,836565552.8,0.797179286,9.14,7.48,8.37,8.31,0
2016/3/21,8.41,8.61,8.41,8.66,115461205,987764461.9,0.797179286,9.24,7.57,8.56,8.4,0
2016/3/22,8.59,8.55,8.52,8.72,78461958,675406611.4,0.797179286,9.47,7.75,8.61,8.61,0
2016/3/23,8.54,8.53,8.46,8.59,53975080,458963272.7,0.797179286,9.4,7.69,8.5,8.55,0
2016/3/24,8.46,8.39,8.37,8.47,46715494,393411544.5,0.797179286,9.38,7.68,8.42,8.53,0
2016/3/25,8.38,8.44,8.37,8.45,29738667,250338489.6,0.797179286,9.22,7.55,8.42,8.39,0
2016/3/28,8.47,8.35,8.33,8.49,44986243,378973327.5,0.797179286,9.29,7.6,8.42,8.44,0
2016/3/29,8.38,8.31,8.27,8.39,39930524,332422397.1,0.797179286,9.19,7.52,8.32,8.35,0
2016/3/30,8.35,8.53,8.35,8.53,67701205,572627417.1,0.797179286,9.14,7.49,8.46,8.31,0
2016/3/31,8.54,8.48,8.48,8.57,52483541,447266281.7,0.797179286,9.38,7.68,8.52,8.53,0
2016/4/1,8.47,8.5,8.37,8.52,46331093,391830399.3,0.797179286,9.33,7.64,8.46,8.48,0
2016/4/5,8.47,8.53,8.37,8.62,74300556,632378859.3,0.797179286,9.35,7.64,8.51,8.5,0
2016/4/6,8.51,8.55,8.46,8.57,54599956,464962437.1,0.797179286,9.38,7.68,8.52,8.53,0
2016/4/7,8.55,8.44,8.44,8.55,47382013,401949050.6,0.797179286,9.4,7.69,8.48,8.55,0
2016/4/8,8.41,8.43,8.37,8.51,47235781,397998243.9,0.797179286,9.29,7.6,8.43,8.44,0
2016/4/11,8.45,8.55,8.45,8.61,98646068,840486348.2,0.797179286,9.27,7.58,8.52,8.43,0
2016/4/12,8.53,8.51,8.47,8.54,37457012,318538001.8,0.797179286,9.4,7.69,8.5,8.55,0
2016/4/13,8.55,8.62,8.54,8.75,107473987,929858588.5,0.797179286,9.36,7.65,8.65,8.51,0
2016/4/14,8.67,8.64,8.6,8.69,40598935,350702741.5,0.797179286,9.48,7.76,8.64,8.62,0
2016/4/15,8.64,8.67,8.61,8.72,62372925,541052858.4,0.797179286,9.5,7.78,8.67,8.64,0
2016/4/18,8.63,8.55,8.55,8.65,43986844,377791436.8,0.797179286,9.54,7.8,8.59,8.67,0
2016/4/19,8.59,8.59,8.54,8.62,27376519,234479844.3,0.797179286,9.41,7.7,8.56,8.55,0
2016/4/20,8.59,8.39,8.26,8.59,76091572,640149677.1,0.797179286,9.45,7.72,8.41,8.59,0
2016/4/21,8.39,8.38,8.33,8.47,70097055,588731547.5,0.797179286,9.22,7.55,8.4,8.39,0
2016/4/22,8.34,8.41,8.3,8.47,45118724,379176139.3,0.797179286,9.22,7.54,8.4,8.38,0
2016/4/25,8.42,8.37,8.31,8.42,43811694,366533376.7,0.797179286,9.26,7.57,8.37,8.41,0
2016/4/26,8.35,8.44,8.34,8.45,36591440,306962513,0.797179286,9.21,7.53,8.39,8.37,0
2016/4/27,8.43,8.43,8.39,8.46,30050195,253308584.1,0.797179286,9.29,7.6,8.43,8.44,0
2016/4/28,8.43,8.5,8.4,8.58,57384884,487261220.5,0.797179286,9.27,7.58,8.49,8.43,0
2016/4/29,8.48,8.43,8.41,8.48,50801329,428582155,0.797179286,9.35,7.64,8.44,8.5,0
2016/5/3,8.43,8.51,8.39,8.55,61354090,521137502.4,0.797179286,9.27,7.58,8.49,8.43,0
2016/5/4,8.51,8.55,8.5,8.57,51736867,441848167.7,0.797179286,9.37,7.66,8.54,8.51,0
2016/5/5,8.52,8.55,8.49,8.55,30045541,256002095.9,0.797179286,9.4,7.69,8.52,8.55,0
2016/5/6,8.55,8.39,8.39,8.55,43471418,367408584.5,0.797179286,9.4,7.69,8.45,8.55,0
2016/5/9,8.37,8.25,8.23,8.39,51578237,428356624.1,0.797179286,9.22,7.55,8.31,8.39,0
2016/5/10,8.24,8.2,8.19,8.27,36704388,301767208,0.797179286,9.08,7.43,8.22,8.25,0
2016/5/11,8.21,8.27,8.21,8.32,41055948,339005275.8,0.797179286,9.02,7.37,8.26,8.2,0
2016/5/12,8.22,8.27,8.17,8.29,40879825,336792700.6,0.797179286,9.1,7.44,8.24,8.27,0
2016/5/13,8.25,8.25,8.23,8.29,23114764,191007255.7,0.797179286,9.1,7.45,8.26,8.27,0
2016/5/16,8.23,8.26,8.17,8.26,26998278,221931208.1,0.797179286,9.08,7.43,8.22,8.25,0
2016/5/17,8.26,8.21,8.16,8.27,31413789,257859629,0.797179286,9.09,7.43,8.21,8.26,0
2016/5/18,8.2,8.21,8.11,8.23,67005080,547076639.4,0.797179286,9.03,7.39,8.16,8.21,0
2016/5/19,8.19,8.17,8.17,8.23,21422754,175591500.4,0.797179286,9.03,7.39,8.2,8.21,0
2016/5/20,8.16,8.21,8.12,8.23,25929395,212277642,0.797179286,8.99,7.36,8.19,8.17,0
2016/5/23,8.23,8.2,8.17,8.24,40598993,333300178.5,0.797179286,9.03,7.39,8.21,8.21,0
2016/5/24,8.19,8.14,8.12,8.2,32526440,265042286.9,0.797179286,9.02,7.37,8.15,8.2,0
2016/5/25,8.17,8.16,8.12,8.2,25619757,209019882.7,0.797179286,8.95,7.33,8.16,8.14,0
2016/5/26,8.15,8.15,8.11,8.19,32790181,266736775.8,0.797179286,8.97,7.34,8.13,8.16,0
2016/5/27,8.15,8.19,8.12,8.2,27950917,228377555,0.797179286,8.96,7.33,8.17,8.15,0
2016/5/30,8.17,8.2,8.13,8.2,47786850,390119748.2,0.797179286,9.01,7.37,8.16,8.19,0
2016/5/31,8.18,8.41,8.18,8.43,118727014,991668174.8,0.797179286,9.02,7.37,8.35,8.2,0
2016/6/1,8.38,8.35,8.32,8.41,69840112,584161145.1,0.797179286,9.26,7.57,8.36,8.41,0
2016/6/2,8.35,8.34,8.31,8.35,36759136,306269383.4,0.797179286,9.19,7.52,8.33,8.35,0
2016/6/3,8.35,8.37,8.3,8.39,53110925,443039581,0.797179286,9.18,7.5,8.34,8.34,0
2016/6/6,8.38,8.38,8.33,8.39,42441144,354998364.1,0.797179286,9.21,7.53,8.36,8.37,0
2016/6/7,8.39,8.39,8.35,8.39,28761679,240887148.7,0.797179286,9.22,7.54,8.38,8.38,0
2016/6/8,8.4,8.37,8.34,8.4,33642149,281651740.9,0.797179286,9.22,7.55,8.37,8.39,0
2016/6/13,8.34,8.23,8.23,8.35,43254615,358996277.5,0.797179286,9.21,7.53,8.3,8.37,0
2016/6/14,8.24,8.29,8.23,8.3,34325686,283578296.5,0.797179286,9.06,7.41,8.26,8.23,0
2016/6/15,8.23,8.32,8.23,8.35,47438815,394033686.1,0.797179286,9.12,7.46,8.31,8.29,0
2016/6/16,8.32,8.32,8.28,8.35,39828422,331192444.7,0.970839575,9.16,7.49,8.32,8.32,0
2016/6/17,8.32,8.33,8.29,8.36,32463963,270236698,0.970839575,9.16,7.49,8.32,8.32,0
2016/6/20,8.34,8.35,8.31,8.35,27886335,232205297.9,0.970839575,9.16,7.49,8.33,8.33,0
2016/6/21,8.36,8.36,8.33,8.4,39218617,327940703.4,0.970839575,9.18,7.51,8.36,8.35,0
2016/6/22,8.35,8.48,8.33,8.48,49235942,413947368.6,0.970839575,9.19,7.52,8.41,8.36,0
2016/6/23,8.42,8.41,8.38,8.45,34569483,290490407,0.970839575,9.32,7.63,8.4,8.48,0
2016/6/24,8.39,8.32,8.27,8.45,44050954,367771053.9,0.970839575,9.25,7.56,8.35,8.41,0
2016/6/27,8.32,8.36,8.29,8.39,33498241,280044073.2,0.970839575,9.16,7.49,8.36,8.32,0
2016/6/28,8.33,8.38,8.31,8.39,34662707,289122214,0.970839575,9.19,7.52,8.34,8.36,0
2016/6/29,8.38,8.44,8.37,8.44,38071332,319908689.6,0.970839575,9.21,7.54,8.4,8.38,0
2016/6/30,8.44,8.45,8.41,8.49,37308416,315051854.7,0.970839575,9.28,7.59,8.44,8.44,0
2016/7/1,8.44,8.46,8.43,8.48,35941076,303652375.3,0.970839575,9.29,7.6,8.45,8.45,0
2016/7/4,8.44,8.55,8.42,8.6,62652691,534656909.6,0.970839575,9.3,7.61,8.53,8.46,0
2016/7/5,8.54,8.55,8.51,8.57,43471373,371422814.8,0.970839575,9.41,7.7,8.54,8.55,0
2016/7/6,8.54,8.53,8.5,8.56,33265040,283827375.8,0.970839575,9.41,7.7,8.53,8.55,0
2016/7/7,8.53,8.52,8.49,8.54,32225003,274337185.8,0.970839575,9.39,7.68,8.51,8.53,0
2016/7/8,8.53,8.49,8.48,8.53,26919204,228778674.1,0.970839575,9.38,7.67,8.5,8.52,0
2016/7/11,8.49,8.49,8.49,8.53,37634696,320333760.7,0.970839575,9.33,7.64,8.51,8.49,0
2016/7/12,8.49,8.62,8.49,8.63,73321321,627505578.4,0.970839575,9.35,7.65,8.56,8.49,0
2016/7/13,8.62,8.73,8.6,8.79,82226627,716797025.3,0.970839575,9.49,7.76,8.72,8.62,0
2016/7/14,8.71,8.68,8.65,8.74,37050343,321889343.3,0.970839575,9.6,7.85,8.69,8.73,0
2016/7/15,8.69,8.73,8.65,8.74,36260775,315555253.5,0.970839575,9.54,7.82,8.7,8.68,0
2016/7/18,8.73,8.78,8.71,8.82,52216137,457358031,0.970839575,9.6,7.85,8.76,8.73,0
2016/7/19,8.78,8.71,8.69,8.79,37368461,326046531,0.970839575,9.65,7.9,8.72,8.78,0
2016/7/20,8.7,8.7,8.69,8.73,32026549,278737194.1,0.970839575,9.58,7.83,8.7,8.71,0
2016/7/21,8.69,8.73,8.69,8.75,35048146,305710332.8,0.970839575,9.57,7.82,8.72,8.7,0
2016/7/22,8.73,8.68,8.66,8.73,30442686,264379250.4,0.970839575,9.6,7.85,8.68,8.73,0
2016/7/25,8.67,8.72,8.65,8.72,27263295,236937494.1,0.970839575,9.54,7.82,8.69,8.68,0
2016/7/26,8.71,8.84,8.71,8.85,56297347,494506420.1,0.970839575,9.59,7.84,8.78,8.72,0
2016/7/27,8.85,8.75,8.65,8.9,84326840,741263303,0.970839575,9.73,7.96,8.79,8.84,0
2016/7/28,8.72,8.82,8.71,8.84,49432511,434490536.6,0.970839575,9.62,7.87,8.79,8.75,0
2016/7/29,8.82,8.93,8.77,8.97,69159247,614972669.3,0.970839575,9.7,7.93,8.89,8.82,0
2016/8/1,8.91,9.01,8.9,9.07,78213170,702466616,0.970839575,9.82,8.04,8.98,8.93,0
2016/8/2,8.97,8.98,8.9,8.99,46265642,413484595.1,0.970839575,9.91,8.11,8.94,9.01,0
2016/8/3,8.94,8.91,8.88,8.95,43737626,389817535.1,0.970839575,9.88,8.09,8.91,8.98,0
2016/8/4,8.9,8.73,8.67,8.91,138484473,1210346974,0.970839575,9.81,8.02,8.74,8.91,0
2016/8/5,8.73,8.78,8.69,8.81,74775298,654998092.9,0.970839575,9.6,7.85,8.76,8.73,0
2016/8/8,8.78,8.84,8.75,8.84,41044814,361191045.3,0.970839575,9.65,7.9,8.8,8.78,0
2016/8/9,8.82,8.88,8.81,8.88,42816169,378720688.3,0.970839575,9.73,7.96,8.85,8.84,0
2016/8/10,8.88,8.87,8.85,8.91,44977096,399656990.6,0.970839575,9.78,8,8.89,8.88,0
2016/8/11,8.87,8.95,8.86,9.08,96367725,866594867.9,0.970839575,9.76,7.99,8.99,8.87,0
2016/8/12,8.93,9.22,8.91,9.25,141117192,1282336292,0.970839575,9.84,8.06,9.09,8.95,0
2016/8/15,9.27,9.4,9.23,9.51,195454770,1835196866,0.970839575,10.15,8.3,9.39,9.22,0
2016/8/16,9.4,9.24,9.18,9.4,113258529,1050479545,0.970839575,10.34,8.46,9.28,9.4,0
2016/8/17,9.24,9.27,9.2,9.32,57756747,534926047,0.970839575,10.16,8.32,9.26,9.24,0
2016/8/18,9.28,9.22,9.16,9.31,71227454,658183955,0.970839575,10.2,8.35,9.24,9.27,0
2016/8/19,9.21,9.23,9.16,9.24,52051291,478779724.2,0.970839575,10.15,8.3,9.2,9.22,0
2016/8/22,9.22,9.13,9.09,9.23,100885126,922426435.1,0.970839575,10.15,8.31,9.14,9.23,0
2016/8/23,9.11,9.13,9.1,9.17,91740876,838185900.6,0.970839575,10.04,8.21,9.14,9.13,0
2016/8/24,9.14,9.16,9.11,9.16,75427629,688971683.1,0.970839575,10.04,8.21,9.13,9.13,0
2016/8/25,9.15,9.16,9.07,9.17,63593370,580648481.9,0.970839575,10.07,8.24,9.13,9.16,0
2016/8/26,9.17,9.17,9.13,9.19,51731909,473688076.6,0.970839575,10.08,8.25,9.16,9.16,0
2016/8/29,9.14,9.15,9.11,9.17,58220935,532295362,0.970839575,10.1,8.26,9.14,9.17,0
2016/8/30,9.15,9.19,9.14,9.19,61295527,561854066.3,0.970839575,10.06,8.23,9.17,9.15,0
2016/8/31,9.18,9.21,9.16,9.22,50445694,463875762.9,0.970839575,10.12,8.27,9.2,9.19,0
2016/9/1,9.21,9.17,9.15,9.24,49455257,454848634.3,0.970839575,10.14,8.29,9.2,9.21,0
2016/9/2,9.16,9.17,9.15,9.18,37987361,348054367.1,0.970839575,10.1,8.26,9.16,9.17,0
2016/9/5,9.18,9.15,9.13,9.18,48405171,443204803.6,0.970839575,10.1,8.26,9.16,9.17,0
2016/9/6,9.15,9.14,9.09,9.16,59200134,539813283.6,0.970839575,10.06,8.23,9.12,9.15,0
2016/9/7,9.14,9.13,9.1,9.15,47317116,431984158.6,0.970839575,10.05,8.22,9.13,9.14,0
2016/9/8,9.12,9.13,9.11,9.15,30408572,277503757.8,0.970839575,10.04,8.21,9.13,9.13,0
2016/9/9,9.13,9.11,9.09,9.16,33726626,307527271.2,0.970839575,10.04,8.21,9.12,9.13,0
2016/9/12,9.02,8.89,8.86,9.05,77930664,697759184.1,0.970839575,10.02,8.19,8.95,9.11,0
2016/9/13,8.91,8.92,8.87,8.94,47477609,423113832,0.970839575,9.79,8,8.91,8.89,0
2016/9/14,8.9,8.8,8.79,8.91,43414099,384081266.5,0.970839575,9.82,8.03,8.85,8.92,0
2016/9/19,8.79,8.85,8.79,8.87,36499202,322575925.9,0.970839575,9.68,7.91,8.84,8.8,0
2016/9/20,8.85,8.82,8.78,8.85,44979519,396359321.3,0.970839575,9.74,7.97,8.81,8.85,0
2016/9/21,8.82,8.82,8.77,8.83,41785001,367767497.5,0.970839575,9.7,7.93,8.8,8.82,0
2016/9/22,8.83,8.89,8.82,8.91,50946958,451909020.5,0.970839575,9.7,7.93,8.87,8.82,0
2016/9/23,8.89,8.88,8.87,8.92,29747322,264699513.1,0.970839575,9.79,8,8.9,8.89,0
2016/9/26,8.86,8.78,8.78,8.86,45268227,398771864.9,0.970839575,9.78,8,8.81,8.88,0
2016/9/27,8.78,8.8,8.75,8.81,41337795,362769231,0.970839575,9.65,7.9,8.78,8.78,0
2016/9/28,8.8,8.79,8.77,8.8,27951683,245499467.9,0.970839575,9.68,7.91,8.78,8.8,0
2016/9/29,8.79,8.8,8.79,8.82,31278524,275239667.4,0.970839575,9.67,7.91,8.8,8.79,0
2016/9/30,8.8,8.81,8.79,8.83,31733859,279526475.6,0.970839575,9.68,7.91,8.81,8.8,0
2016/10/10,8.83,8.85,8.82,8.9,62974523,557122276.5,0.970839575,9.69,7.92,8.85,8.81,0
2016/10/11,8.86,8.88,8.84,8.88,37428509,331886515.5,0.970839575,9.74,7.97,8.87,8.85,0
2016/10/12,8.87,8.86,8.85,8.89,27843550,246995531,0.970839575,9.78,8,8.87,8.88,0
2016/10/13,8.82,8.81,8.79,8.84,65136195,574142476.3,0.970839575,9.75,7.98,8.81,8.86,0
2016/10/14,8.8,8.82,8.78,8.82,34548629,304218676.8,0.970839575,9.69,7.92,8.81,8.81,0
2016/10/17,8.82,8.79,8.77,8.82,37001289,325582450.3,0.970839575,9.71,7.94,8.8,8.82,0
2016/10/18,8.77,8.82,8.77,8.82,61157075,537784120.4,0.970839575,9.67,7.91,8.79,8.79,0
2016/10/19,8.82,8.82,8.79,8.84,49713276,438299029.5,0.970839575,9.71,7.94,8.82,8.82,0
2016/10/20,8.82,8.81,8.79,8.82,35314235,310966016.7,0.970839575,9.7,7.93,8.81,8.82,0
2016/10/21,8.82,8.86,8.8,8.86,70443850,621549845,0.970839575,9.69,7.92,8.82,8.81,0
2016/10/24,8.86,8.97,8.85,9.03,94318059,844746080.6,0.970839575,9.75,7.98,8.96,8.86,0
2016/10/25,8.98,8.94,8.91,8.99,51579368,461542701.1,0.970839575,9.86,8.08,8.95,8.97,0
2016/10/26,8.95,8.88,8.86,8.95,45368168,403750809.1,0.970839575,9.83,8.05,8.9,8.94,0
2016/10/27,8.89,8.89,8.85,8.9,33387653,296216914.8,0.970839575,9.78,8,8.87,8.88,0
2016/10/28,8.89,8.9,8.87,8.96,55827734,497615050.8,0.970839575,9.79,8,8.91,8.89,0
2016/10/31,8.88,8.88,8.82,8.89,50842265,450148883.1,0.970839575,9.8,8.01,8.85,8.9,0
2016/11/1,8.87,8.87,8.84,8.89,54119720,480117542.3,0.970839575,9.78,8,8.87,8.88,0
2016/11/2,8.87,8.81,8.79,8.87,65261658,576083788.2,0.970839575,9.76,7.99,8.83,8.87,0
2016/11/3,8.8,8.86,8.79,8.87,63539965,561464947.2,0.970839575,9.69,7.92,8.84,8.81,0
2016/11/4,8.84,8.84,8.83,8.9,52337954,463831938.6,0.970839575,9.75,7.98,8.86,8.86,0
2016/11/7,8.83,8.85,8.81,8.85,51217537,452447930.6,0.970839575,9.73,7.96,8.83,8.84,0
2016/11/8,8.85,8.88,8.83,8.88,83092511,736747217.1,0.970839575,9.74,7.97,8.87,8.85,0
2016/11/9,8.87,8.81,8.75,8.87,74432144,656061960.7,0.970839575,9.78,8,8.81,8.88,0
2016/11/10,8.83,8.87,8.83,8.89,65098164,576898452.7,0.970839575,9.69,7.92,8.86,8.81,0
2016/11/11,8.87,8.91,8.84,8.91,83666726,742969896.6,0.970839575,9.76,7.99,8.88,8.87,0
2016/11/14,8.89,8.95,8.89,8.98,100436650,898058354,0.970839575,9.81,8.02,8.94,8.91,0
2016/11/15,8.93,8.96,8.91,8.97,57099339,510596178.4,0.970839575,9.84,8.06,8.94,8.95,0
2016/11/16,8.96,8.96,8.93,8.97,42833277,383425739.9,0.970839575,9.85,8.07,8.95,8.96,0
2016/11/17,8.95,8.94,8.91,8.95,52050208,464611128.4,0.970839575,9.85,8.07,8.93,8.96,0
2016/11/18,8.94,8.91,8.89,8.94,53314405,475289972.5,0.970839575,9.83,8.05,8.92,8.94,0
2016/11/21,8.91,8.97,8.9,9.01,87578142,785475676.6,0.970839575,9.81,8.02,8.97,8.91,0
2016/11/22,8.97,9.09,8.96,9.09,121570749,1097408714,0.970839575,9.86,8.08,9.03,8.97,0
2016/11/23,9.07,9.17,9.07,9.28,180551914,1660465709,0.970839575,10,8.17,9.2,9.09,0
2016/11/24,9.16,9.19,9.15,9.24,80316961,738580569.3,0.970839575,10.1,8.26,9.2,9.17,0
2016/11/25,9.2,9.34,9.18,9.34,104412203,968127766.3,0.970839575,10.12,8.27,9.27,9.19,0
2016/11/28,9.41,9.35,9.32,9.49,131812636,1240686234,0.970839575,10.27,8.41,9.41,9.34,0
2016/11/29,9.31,9.34,9.27,9.42,91444483,854308658.4,0.970839575,10.28,8.42,9.34,9.35,0
2016/11/30,9.37,9.27,9.22,9.44,105677918,985758449.8,0.970839575,10.27,8.41,9.33,9.34,0
2016/12/1,9.29,9.32,9.27,9.35,66540795,619633746.9,0.970839575,10.2,8.35,9.31,9.27,0
2016/12/2,9.32,9.27,9.16,9.32,85460721,790044441.9,0.970839575,10.25,8.39,9.24,9.32,0
2016/12/5,9.22,9.18,9.14,9.26,78732441,723222053.6,0.970839575,10.2,8.35,9.19,9.27,0
2016/12/6,9.2,9.21,9.17,9.24,62101173,571585177.5,0.970839575,10.11,8.26,9.2,9.18,0
2016/12/7,9.2,9.2,9.14,9.21,50822481,466085503.4,0.970839575,10.14,8.29,9.17,9.21,0
2016/12/8,9.22,9.24,9.16,9.27,69162010,638058504.1,0.970839575,10.13,8.28,9.23,9.2,0
2016/12/9,9.22,9.37,9.2,9.47,155968008,1460778328,0.970839575,10.16,8.32,9.37,9.24,0
2016/12/12,9.37,9.22,9.16,9.49,129462584,1206662617,0.970839575,10.31,8.44,9.32,9.37,0
2016/12/13,9.2,9.15,9.06,9.22,66516816,607769965.6,0.970839575,10.15,8.3,9.14,9.22,0
2016/12/14,9.15,9.13,9.13,9.23,61565861,564787516.5,0.970839575,10.06,8.23,9.17,9.15,0
2016/12/15,9.1,8.98,8.94,9.14,85247130,767751835.6,0.970839575,10.04,8.21,9.01,9.13,0
2016/12/16,8.97,8.98,8.94,9.02,40873279,366925349.3,0.970839575,9.88,8.09,8.98,8.98,0
2016/12/19,8.95,8.93,8.9,8.96,50884889,453899744.4,0.970839575,9.88,8.09,8.92,8.98,0
2016/12/20,8.93,8.84,8.82,8.93,65576063,580118167.7,0.970839575,9.82,8.04,8.85,8.93,0
2016/12/21,8.85,8.89,8.84,8.89,38103170,338201446.5,0.970839575,9.73,7.96,8.88,8.84,0
2016/12/22,8.88,8.87,8.84,8.89,35159387,311546856.9,0.970839575,9.79,8,8.86,8.89,0
2016/12/23,8.87,8.82,8.81,8.87,39441342,348140451.4,0.970839575,9.76,7.99,8.83,8.87,0
2016/12/26,8.8,8.85,8.76,8.86,31113169,273934287.2,0.970839575,9.7,7.93,8.8,8.82,0
2016/12/27,8.85,8.82,8.81,8.86,27691624,244788273.9,0.970839575,9.74,7.97,8.84,8.85,0
2016/12/28,8.82,8.8,8.78,8.84,34614894,304898614,0.970839575,9.7,7.93,8.81,8.82,0
2016/12/29,8.81,8.82,8.79,8.82,34893358,307183503.3,0.970839575,9.68,7.91,8.8,8.8,0
2016/12/30,8.82,8.83,8.8,8.83,31169656,274882698.5,0.970839575,9.7,7.93,8.82,8.82,0
2017/1/3,8.84,8.89,8.82,8.91,47365240,420595176.5,0.970839575,9.72,7.95,8.88,8.83,0
2017/1/4,8.88,8.89,8.87,8.91,46282572,411503444,0.970839575,9.79,8,8.89,8.89,0
2017/1/5,8.9,8.9,8.88,8.91,35471660,315769693.5,0.970839575,9.79,8,8.9,8.89,0
2017/1/6,8.9,8.86,8.84,8.9,36891183,327176433.9,0.970839575,9.8,8.01,8.87,8.9,0
2017/1/9,8.86,8.88,8.84,8.9,37192712,329994604,0.970839575,9.75,7.98,8.87,8.86,0
2017/1/10,8.88,8.88,8.87,8.89,24829432,220575132,0.970839575,9.78,8,8.88,8.88,0
2017/1/11,8.87,8.87,8.86,8.9,31254483,277553207.3,0.970839575,9.78,8,8.88,8.88,0
2017/1/12,8.86,8.88,8.86,8.9,44086251,391869402.8,0.970839575,9.76,7.99,8.89,8.87,0
2017/1/13,8.87,8.89,8.85,8.92,44734617,397601906.3,0.970839575,9.78,8,8.89,8.88,0
2017/1/16,8.88,8.87,8.81,8.89,70368563,623025820.3,0.970839575,9.79,8,8.85,8.89,0
2017/1/17,8.85,8.88,8.83,8.89,56193874,498179703.2,0.970839575,9.76,7.99,8.87,8.87,0
2017/1/18,8.87,8.9,8.86,8.92,59151832,526426595.7,0.970839575,9.78,8,8.9,8.88,0
2017/1/19,8.88,8.91,8.88,8.97,45086013,402445639.3,0.970839575,9.8,8.01,8.93,8.9,0
2017/1/20,8.9,8.95,8.9,8.96,40514270,361865155.1,0.970839575,9.81,8.02,8.93,8.91,0
2017/1/23,8.95,8.95,8.93,8.99,43292354,388019072.6,0.970839575,9.84,8.06,8.96,8.95,0
2017/1/24,8.96,9,8.93,9.01,48436847,434787729.1,0.970839575,9.84,8.06,8.98,8.95,0
2017/1/25,9,8.99,8.98,9.01,31354507,281976294.1,0.970839575,9.9,8.1,8.99,9,0
2017/1/26,9,9.06,8.99,9.07,43334923,391844286.2,0.970839575,9.89,8.09,9.04,8.99,0
2017/2/3,9.07,8.99,8.96,9.09,32494786,292617943.3,0.970839575,9.96,8.16,9.01,9.06,0
2017/2/6,8.99,9.04,8.99,9.05,53230845,480441331,0.970839575,9.89,8.09,9.03,8.99,0
2017/2/7,9.04,9.03,9,9.05,40880592,368755274.2,0.970839575,9.94,8.14,9.02,9.04,0
2017/2/8,9.02,9.03,8.97,9.03,37109367,333975401.8,0.970839575,9.93,8.13,9,9.03,0
2017/2/9,9.03,9.04,9.01,9.06,35315323,319201023.3,0.970839575,9.93,8.13,9.04,9.03,0
2017/2/10,9.05,9.06,9.04,9.09,49724305,450701345.3,0.970839575,9.94,8.14,9.06,9.04,0
2017/2/13,9.07,9.14,9.06,9.16,65753886,599951024.3,0.970839575,9.96,8.16,9.12,9.06,0
2017/2/14,9.14,9.13,9.1,9.15,37328989,340318431.4,0.970839575,10.05,8.22,9.12,9.14,0
2017/2/15,9.13,9.17,9.12,9.26,77933891,716759655.3,0.970839575,10.04,8.21,9.2,9.13,0
2017/2/16,9.17,9.18,9.15,9.22,42351089,388636225.2,0.970839575,10.1,8.26,9.18,9.17,0
2017/2/17,9.18,9.12,9.1,9.21,43650360,400161795.1,0.970839575,10.11,8.26,9.17,9.18,0
2017/2/20,9.13,9.28,9.13,9.3,92575067,855710805.5,0.970839575,10.03,8.2,9.24,9.12,0
2017/2/21,9.27,9.29,9.26,9.34,66600520,618761069.3,0.970839575,10.21,8.35,9.29,9.28,0
2017/2/22,9.29,9.29,9.22,9.29,47687190,441528339.7,0.970839575,10.22,8.36,9.26,9.29,0
2017/2/23,9.27,9.23,9.2,9.29,34539982,319293836.6,0.970839575,10.22,8.36,9.24,9.29,0
2017/2/24,9.22,9.22,9.2,9.26,34248721,316020789.4,0.970839575,10.15,8.31,9.23,9.23,0
2017/2/27,9.22,9.16,9.15,9.22,41957614,384781015.7,0.970839575,10.15,8.3,9.17,9.22,0
2017/2/28,9.16,9.2,9.15,9.23,38082471,350366892.5,0.970839575,10.07,8.24,9.2,9.16,0
2017/3/1,9.21,9.21,9.19,9.27,35741614,330157963.4,0.970839575,10.13,8.28,9.24,9.2,0
2017/3/2,9.23,9.16,9.15,9.26,41575221,382395883.8,0.970839575,10.14,8.29,9.2,9.21,0
2017/3/3,9.14,9.13,9.09,9.16,35294717,321952549.2,0.970839575,10.07,8.24,9.12,9.16,0
2017/3/6,9.13,9.17,9.12,9.18,41666140,381212304.2,0.970839575,10.04,8.21,9.15,9.13,0
2017/3/7,9.16,9.17,9.13,9.18,30352370,277747415.4,0.970839575,10.1,8.26,9.15,9.17,0
2017/3/8,9.16,9.15,9.13,9.17,25178041,230425150.5,0.970839575,10.1,8.26,9.15,9.17,0
2017/3/9,9.14,9.11,9.09,9.16,38952874,354813687.5,0.970839575,10.06,8.23,9.11,9.15,0
2017/3/10,9.11,9.13,9.09,9.14,40190188,366140052.2,0.970839575,10.02,8.19,9.11,9.11,0
2017/3/13,9.12,9.16,9.1,9.17,56168337,513148481,0.970839575,10.04,8.21,9.14,9.13,0
2017/3/14,9.16,9.16,9.14,9.18,41663356,381594067,0.970839575,10.08,8.25,9.16,9.16,0
2017/3/15,9.15,9.2,9.15,9.2,56297752,515943748.1,0.970839575,10.08,8.25,9.16,9.16,0
2017/3/16,9.2,9.24,9.17,9.25,65505551,603450064.1,0.970839575,10.13,8.28,9.21,9.2,0
2017/3/17,9.17,9.04,9.03,9.18,163121397,1482736995,0.970839575,10.16,8.32,9.09,9.24,0
2017/3/20,9.02,8.98,8.95,9.04,73649838,661887015.1,0.970839575,9.94,8.14,8.99,9.04,0
2017/3/21,8.98,8.97,8.93,8.99,57130833,511914333.1,0.970839575,9.88,8.09,8.96,8.98,0
2017/3/22,8.93,8.89,8.87,8.95,58312789,519331026.3,0.970839575,9.86,8.08,8.91,8.97,0
2017/3/23,8.89,8.93,8.88,8.97,44661168,398986562.1,0.970839575,9.79,8,8.93,8.89,0
2017/3/24,8.93,8.92,8.89,8.97,73217851,653533829.9,0.970839575,9.82,8.04,8.93,8.93,0
2017/3/27,8.85,8.87,8.82,8.92,101459816,900094460.9,0.970839575,9.82,8.03,8.87,8.92,0
2017/3/28,8.89,8.85,8.83,8.9,49583141,439405816.2,0.970839575,9.76,7.99,8.86,8.87,0
2017/3/29,8.86,8.84,8.82,8.88,61919672,548060693,0.970839575,9.74,7.97,8.85,8.85,0
2017/3/30,8.85,8.82,8.8,8.85,70792906,623995512.8,0.970839575,9.73,7.96,8.81,8.84,0
2017/3/31,8.82,8.9,8.82,8.91,65213784,578579035.1,0.970839575,9.7,7.93,8.87,8.82,0
2017/4/5,8.89,8.94,8.88,8.95,51414271,458567834.2,0.970839575,9.8,8.01,8.92,8.9,0
2017/4/6,8.93,8.93,8.9,8.95,44743898,399118983.4,0.970839575,9.83,8.05,8.92,8.94,0
2017/4/7,8.92,8.93,8.9,8.95,53030879,473366404.5,0.970839575,9.82,8.04,8.93,8.93,0
2017/4/10,8.93,8.91,8.9,8.94,41339883,368682024.9,0.970839575,9.82,8.04,8.92,8.93,0
2017/4/11,8.9,8.88,8.82,8.92,63083333,560304072.9,0.970839575,9.81,8.02,8.88,8.91,0
2017/4/12,8.89,8.85,8.83,8.9,46901315,416101249,0.970839575,9.78,8,8.87,8.88,0
2017/4/13,8.84,8.85,8.83,8.87,36817880,325949861.1,0.970839575,9.74,7.97,8.85,8.85,0
2017/4/14,8.84,8.82,8.8,8.85,50523332,445637458.1,0.970839575,9.74,7.97,8.82,8.85,0
2017/4/17,8.82,8.83,8.79,8.84,54786825,483130499.7,0.970839575,9.7,7.93,8.82,8.82,0
2017/4/18,8.82,8.79,8.79,8.83,34545044,304162860.3,0.970839575,9.72,7.95,8.8,8.83,0
2017/4/19,8.77,8.65,8.64,8.78,82368765,714963673.1,0.970839575,9.67,7.91,8.68,8.79,0
2017/4/20,8.64,8.66,8.63,8.68,45077477,390063543.8,0.970839575,9.51,7.79,8.65,8.65,0
2017/4/21,8.66,8.71,8.64,8.73,33518223,291126076.2,0.970839575,9.52,7.8,8.69,8.66,0
2017/4/24,8.71,8.67,8.63,8.72,40685946,352926394.7,0.970839575,9.58,7.83,8.67,8.71,0
2017/4/25,8.67,8.74,8.67,8.75,38928506,339230144,0.970839575,9.53,7.81,8.71,8.67,0
2017/4/26,8.74,8.73,8.7,8.75,39362534,343316092.5,0.970839575,9.61,7.86,8.72,8.74,0
2017/4/27,8.71,8.71,8.65,8.72,39902840,346186989.9,0.970839575,9.6,7.85,8.68,8.73,0
2017/4/28,8.7,8.73,8.66,8.73,29505015,256106698.7,0.970839575,9.58,7.83,8.68,8.71,0
2017/5/2,8.7,8.68,8.64,8.7,32036817,277665881.7,0.970839575,9.6,7.85,8.67,8.73,0
2017/5/3,8.66,8.65,8.63,8.67,28873027,249660877.2,0.970839575,9.54,7.82,8.65,8.68,0
2017/5/4,8.63,8.49,8.47,8.63,71743786,613783434.3,0.970839575,9.51,7.79,8.56,8.65,0
2017/5/5,8.49,8.38,8.33,8.5,64243451,539541739.9,0.970839575,9.33,7.64,8.4,8.49,0
2017/5/8,8.35,8.32,8.29,8.37,47390929,394424117.2,0.970839575,9.21,7.54,8.32,8.38,0
2017/5/9,8.31,8.39,8.3,8.39,33393206,279119676.5,0.970839575,9.16,7.49,8.36,8.32,0
2017/5/10,8.38,8.42,8.37,8.54,59029081,498675307.8,0.970839575,9.22,7.55,8.45,8.39,0
2017/5/11,8.4,8.45,8.35,8.47,51877114,436444282.3,0.970839575,9.26,7.57,8.41,8.42,0
2017/5/12,8.43,8.64,8.39,8.64,94554055,809131900.1,0.970839575,9.29,7.6,8.56,8.45,0
2017/5/15,8.63,8.6,8.55,8.69,55269503,476417671.7,0.970839575,9.5,7.78,8.62,8.64,0
2017/5/16,8.58,8.58,8.48,8.59,54063755,461069301,0.970839575,9.47,7.74,8.53,8.6,0
2017/5/17,8.55,8.51,8.49,8.55,42987331,365987542.6,0.970839575,9.44,7.73,8.51,8.58,0
2017/5/18,8.47,8.48,8.46,8.51,23423141,198765579.8,0.970839575,9.37,7.66,8.49,8.51,0
2017/5/19,8.49,8.44,8.43,8.5,30310965,256396867.6,0.970839575,9.32,7.63,8.46,8.48,0
2017/5/22,8.43,8.43,8.36,8.48,69951830,588546725.1,0.970839575,9.28,7.59,8.41,8.44,0
2017/5/23,8.42,8.53,8.39,8.58,82407043,702123773,0.970839575,9.27,7.58,8.52,8.43,0
2017/5/24,8.52,8.55,8.43,8.57,54836731,466560635.9,0.970839575,9.39,7.68,8.51,8.53,0
2017/5/25,8.53,8.83,8.52,8.87,167024891,1462763019,0.970839575,9.41,7.7,8.76,8.55,0
2017/5/26,8.82,8.83,8.78,8.86,92225923,813387170.2,0.970839575,9.72,7.95,8.82,8.83,0
2017/5/31,8.83,8.93,8.8,8.96,106424478,948741889.7,0.970839575,9.72,7.95,8.91,8.83,0
2017/6/1,8.93,8.92,8.85,8.96,58318879,519544675.8,0.970839575,9.82,8.04,8.91,8.93,0
2017/6/2,8.91,8.9,8.87,9.02,79390775,710119498.1,0.970839575,9.82,8.03,8.94,8.92,0
2017/6/5,8.86,8.77,8.73,8.9,65317969,573460396.8,0.970839575,9.8,8.01,8.78,8.9,0
2017/6/6,8.75,8.78,8.73,8.8,36601467,320520904.3,0.970839575,9.64,7.89,8.76,8.77,0
2017/6/7,8.76,8.86,8.75,8.88,66511838,587357671.2,0.970839575,9.65,7.9,8.83,8.78,0
2017/6/8,8.84,8.86,8.82,8.88,39450852,348860774.3,0.970839575,9.75,7.98,8.84,8.86,0
2017/6/9,8.88,8.88,8.85,8.95,70605700,628281688.3,0.970839575,9.75,7.98,8.9,8.86,0
2017/6/12,8.88,8.84,8.83,8.92,51973382,461493689.8,0.970839575,9.78,8,8.88,8.88,0
2017/6/13,8.84,8.85,8.79,8.87,46190430,407876695.9,0.970839575,9.73,7.96,8.83,8.84,0
2017/6/14,8.85,8.82,8.78,8.86,38672127,340596135.7,0.970839575,9.74,7.97,8.81,8.85,0
2017/6/15,8.82,8.78,8.77,8.82,34794409,305610500.2,0.970839575,9.7,7.93,8.78,8.82,0
2017/6/16,8.78,8.76,8.75,8.82,29458115,258559005.3,0.970839575,9.65,7.9,8.78,8.78,0
2017/6/19,8.77,8.86,8.76,8.88,50441373,446000773,0.970839575,9.63,7.88,8.84,8.76,0
2017/6/20,8.85,8.85,8.82,8.89,32303545,286053883.7,0.970839575,9.75,7.98,8.86,8.86,0
2017/6/21,8.9,8.88,8.84,8.91,51185819,454488888,0.970839575,9.74,7.97,8.88,8.85,0
2017/6/22,8.88,8.98,8.87,9.13,146981869,1325210565,0.970839575,9.78,8,9.02,8.88,0
2017/6/23,8.96,8.98,8.89,9,60154574,538303574.3,0.970839575,9.88,8.09,8.95,8.98,0
2017/6/26,8.99,9.03,8.99,9.13,73211885,663762850,0.970839575,9.88,8.09,9.07,8.98,0
2017/6/27,9.03,9.09,9,9.12,56241643,509162009,0.970839575,9.93,8.13,9.05,9.03,0
2017/6/28,9.08,9.16,9.06,9.21,120390253,1102438100,0.970839575,10,8.17,9.16,9.09,0
2017/6/29,9.16,9.16,9.1,9.17,50348645,459810415.6,0.970839575,10.07,8.24,9.13,9.16,0
2017/6/30,9.13,9.12,9.04,9.16,51464063,468003516.7,0.970839575,10.07,8.24,9.09,9.16,0
2017/7/3,9.13,9.13,9.07,9.16,40001395,364465847.3,0.970839575,10.03,8.2,9.11,9.12,0
2017/7/4,9.13,9.07,9.03,9.14,50303113,456577021.3,0.970839575,10.04,8.21,9.08,9.13,0
2017/7/5,9.02,9.1,9,9.11,58477221,529294114.2,0.970839575,9.97,8.16,9.05,9.07,0
2017/7/6,9.09,9.13,9.04,9.14,76110604,691387184.2,0.970839575,10.01,8.18,9.08,9.1,0
2017/7/7,9.1,9.19,9.07,9.2,78320827,717084352.2,0.970839575,10.04,8.21,9.16,9.13,0
2017/7/10,9.17,9.31,9.16,9.38,140168978,1303090005,0.970839575,10.12,8.27,9.3,9.19,0
2017/7/11,9.33,9.95,9.33,10.15,392658756,3842010171,0.970839575,10.24,8.38,9.78,9.31,0
2017/7/12,9.97,10.04,9.9,10.27,308891818,3113681339,0.970839575,10.95,8.96,10.08,9.95,0
2017/7/13,10,10.58,9.94,10.58,308447904,3180144566,0.970839575,11.04,9.04,10.31,10.04,0
2017/7/14,10.49,10.58,10.35,10.62,177430989,1864449202,0.970839575,11.64,9.52,10.51,10.58,0
2017/7/17,10.63,10.49,10.41,11,337143565,3608692279,0.970839575,11.64,9.52,10.7,10.58,0
2017/7/18,10.44,10.73,10.31,10.82,242000014,2558433986,0.970839575,11.54,9.45,10.57,10.49,0
2017/7/19,10.67,10.77,10.56,10.86,199113836,2131336294,0.970839575,11.81,9.66,10.7,10.73,0
2017/7/20,10.76,10.65,10.59,10.89,158351454,1695060974,0.970839575,11.84,9.69,10.7,10.77,0
2017/7/21,10.67,10.73,10.53,10.78,152400565,1625416437,0.984917609,11.71,9.58,10.67,10.65,0
2017/7/24,10.66,10.78,10.57,10.89,171858481,1846886679,0.984917609,11.8,9.65,10.75,10.73,0
2017/7/25,10.81,10.83,10.78,11.1,198470241,2172114597,0.984917609,11.87,9.71,10.94,10.78,0
2017/7/26,10.76,10.58,10.5,11.01,172340518,1846282152,0.984917609,11.92,9.75,10.71,10.83,0
2017/7/27,10.56,10.43,10.37,10.61,121278205,1273888886,0.984917609,11.63,9.52,10.5,10.58,0
2017/7/28,10.45,10.58,10.42,10.65,83173998,877769279.5,0.984917609,11.47,9.39,10.55,10.43,0
2017/7/31,10.64,10.51,10.29,10.66,159999616,1671814035,0.984917609,11.63,9.52,10.45,10.58,0
2017/8/1,10.48,10.87,10.44,10.91,206688346,2222887934,0.984917609,11.56,9.46,10.75,10.51,0
2017/8/2,10.88,10.98,10.79,11.17,209364626,2307726683,0.984917609,11.96,9.79,11.02,10.87,0
2017/8/3,10.97,10.84,10.8,11.05,99929108,1090954132,0.984917609,12.08,9.89,10.92,10.98,0
2017/8/4,10.83,11,10.77,11.12,137468510,1511389828,0.984917609,11.93,9.76,10.99,10.84,0
2017/8/7,10.89,10.83,10.74,11,87382362,946975699.6,0.984917609,12.1,9.9,10.84,11,0
2017/8/8,10.83,10.88,10.75,10.94,70012703,758872028.5,0.984917609,11.92,9.75,10.84,10.83,0
2017/8/9,10.79,10.57,10.52,10.85,105828325,1126512108,0.984917609,11.98,9.8,10.64,10.88,0
2017/8/10,10.54,10.46,10.38,10.66,97457894,1026676006,0.984917609,11.62,9.51,10.53,10.57,0
2017/8/11,10.32,9.87,9.84,10.38,247801778,2501779371,0.984917609,11.5,9.42,10.1,10.46,0
2017/8/14,9.98,10.07,9.89,10.1,117539237,1175479139,0.984917609,10.85,8.88,10,9.87,0
2017/8/15,10.09,10.15,10.06,10.35,109162669,1116749994,0.984917609,11.07,9.06,10.23,10.07,0
2017/8/16,10.13,10.18,10,10.21,76839526,778517621.7,0.984917609,11.17,9.14,10.13,10.15,0
2017/8/17,10.19,10.26,10.13,10.26,56212023,573093949.6,0.984917609,11.2,9.17,10.19,10.18,0
2017/8/18,10.2,10.28,10.13,10.44,62596140,643188717.2,0.984917609,11.29,9.24,10.28,10.26,0
2017/8/21,10.27,10.3,10.23,10.36,40526727,417653110.9,0.984917609,11.31,9.26,10.31,10.28,0
2017/8/22,10.32,10.49,10.21,10.5,88909144,922881865.8,0.984917609,11.34,9.27,10.38,10.3,0
2017/8/23,10.47,10.74,10.43,10.81,133935254,1430051908,0.984917609,11.54,9.45,10.68,10.49,0
2017/8/24,10.73,10.77,10.68,10.94,93840198,1014933652,0.984917609,11.81,9.66,10.82,10.74,0
2017/8/25,10.77,10.94,10.74,11,97870115,1068994547,0.984917609,11.84,9.69,10.92,10.77,0
2017/8/28,10.93,11.18,10.93,11.37,162849999,1828380086,0.984917609,12.04,9.85,11.23,10.94,0
2017/8/29,11.13,11.49,11.11,11.56,137877901,1569230034,0.984917609,12.3,10.07,11.38,11.18,0
2017/8/30,11.5,11.26,11.18,11.52,111346853,1264128141,0.984917609,12.65,10.34,11.35,11.49,0
2017/8/31,11.22,11.11,10.98,11.27,116942417,1297730596,0.984917609,12.38,10.13,11.1,11.26,0
2017/9/1,11.11,11.04,10.98,11.22,97467736,1080996319,0.984917609,12.22,10,11.09,11.11,0
2017/9/4,11.01,11.54,11,11.54,137303421,1551875034,0.984917609,12.14,9.94,11.3,11.04,0
2017/9/5,11.5,11.46,11.43,11.76,130723499,1513759541,0.984917609,12.7,10.39,11.58,11.54,0
2017/9/6,11.42,11.52,11.31,11.7,80374393,925519043.8,0.984917609,12.61,10.32,11.51,11.46,0
2017/9/7,11.47,11.27,11.22,11.57,62359251,711036421.4,0.984917609,12.68,10.37,11.4,11.52,0
2017/9/8,11.29,11.32,11.21,11.46,48864610,553644520.4,0.984917609,12.39,10.14,11.33,11.27,0
2017/9/11,11.37,11.21,11.13,11.51,71018402,801825014.6,0.984917609,12.45,10.18,11.29,11.32,0
2017/9/12,11.21,11.37,11.1,11.37,85914133,962032172.1,0.984917609,12.33,10.09,11.2,11.21,0
2017/9/13,11.32,11.26,11.17,11.37,67847038,765028184.6,0.984917609,12.5,10.23,11.28,11.37,0
2017/9/14,11.26,11.15,11.07,11.42,89661081,1005775578,0.984917609,12.38,10.13,11.22,11.26,0
2017/9/15,11.12,11.12,10.98,11.15,65598869,726061100.5,0.984917609,12.26,10.04,11.07,11.15,0
2017/9/18,11.08,11.08,11.03,11.15,61691755,684223023.2,0.984917609,12.23,10.01,11.09,11.12,0
2017/9/19,11.08,10.96,10.91,11.17,77591528,853815999.7,0.984917609,12.19,9.98,11,11.08,0
2017/9/20,10.97,11.12,10.88,11.2,79920867,884640964.2,0.984917609,12.06,9.87,11.07,10.96,0
2017/9/21,11.09,11.29,11.03,11.34,70301102,788605300.9,0.984917609,12.23,10.01,11.22,11.12,0
2017/9/22,11.26,11.27,11.14,11.35,60302264,677622489.5,0.984917609,12.42,10.15,11.24,11.29,0
2017/9/25,11.27,11.12,11.01,11.28,54054373,602270302.8,0.984917609,12.39,10.14,11.14,11.27,0
2017/9/26,11.09,10.88,10.79,11.13,98227597,1074228194,0.984917609,12.23,10.01,10.94,11.12,0
2017/9/27,10.84,10.77,10.74,10.91,73832389,798377280.1,0.984917609,11.98,9.8,10.81,10.88,0
2017/9/28,10.81,10.72,10.66,10.81,52514039,563485127.4,0.984917609,11.84,9.69,10.73,10.77,0
2017/9/29,10.76,10.94,10.7,10.99,69272810,753852534.7,0.984917609,11.79,9.64,10.88,10.72,0
2017/10/9,11.4,11.13,11.09,11.46,134552098,1520609512,0.984917609,12.04,9.85,11.3,10.94,0
2017/10/10,11.16,11.3,11.16,11.33,75937854,853665849.1,0.984917609,12.24,10.02,11.24,11.13,0
2017/10/11,11.31,11.36,11.17,11.41,66815495,756203405.4,0.984917609,12.43,10.16,11.32,11.3,0
2017/10/12,11.37,11.38,11.3,11.41,58691743,667148377.7,0.984917609,12.49,10.22,11.37,11.36,0
2017/10/13,11.39,11.19,11.08,11.39,74866766,839662735,0.984917609,12.52,10.24,11.22,11.38,0
2017/10/16,11.19,11.42,11.12,11.43,105211911,1190724205,0.984917609,12.31,10.07,11.32,11.19,0
2017/10/17,11.44,11.34,11.31,11.47,51412660,585333998.3,0.984917609,12.56,10.27,11.38,11.42,0
2017/10/18,11.36,11.51,11.34,11.52,88470889,1011050928,0.984917609,12.47,10.2,11.43,11.34,0
2017/10/19,11.46,11.45,11.4,11.54,73383277,841546799.4,0.984917609,12.67,10.36,11.47,11.51,0
2017/10/20,11.42,11.31,11.24,11.42,46887991,529747048.2,0.984917609,12.6,10.31,11.3,11.45,0
2017/10/23,11.22,11.02,10.98,11.23,109091868,1206888282,0.984917609,12.44,10.17,11.06,11.31,0
2017/10/24,11.03,11.22,11.01,11.25,62834894,700896871.8,0.984917609,12.12,9.92,11.15,11.02,0
2017/10/25,11.19,11.1,11.08,11.2,42498337,472708177.9,0.984917609,12.34,10.1,11.12,11.22,0
2017/10/26,11.08,11.01,10.95,11.15,94322212,1041707023,0.984917609,12.21,9.99,11.04,11.1,0
2017/10/27,11.02,11.39,11.01,11.39,138091390,1548543732,0.984917609,12.11,9.91,11.21,11.01,0
2017/10/30,11.38,11.39,11.28,11.55,129782119,1484495473,0.984917609,12.53,10.24,11.44,11.39,0
2017/10/31,11.38,11.37,11.22,11.41,63710038,721237474.2,0.984917609,12.53,10.24,11.32,11.39,0
2017/11/1,11.39,11.23,11.15,11.42,70322420,792881042.8,0.984917609,12.5,10.23,11.28,11.37,0
2017/11/2,11.19,11.37,11.09,11.41,61356247,689229873.9,0.984917609,12.35,10.11,11.23,11.23,0
2017/11/3,11.32,11.22,11.18,11.5,75472630,852032107.9,0.984917609,12.5,10.23,11.29,11.37,0
2017/11/6,11.25,11.11,10.92,11.25,104567408,1157303986,0.984917609,12.34,10.1,11.07,11.22,0
2017/11/7,11.1,11.74,11.08,11.91,251509694,2914269160,0.984917609,12.22,10,11.59,11.11,0
2017/11/8,11.82,11.95,11.75,12.4,432810389,5199224277,0.984917609,12.91,10.57,12.01,11.74,0
2017/11/9,12.02,12.14,11.97,12.38,233043792,2839861735,0.984917609,13.14,10.76,12.19,11.95,0
2017/11/10,12.18,12.11,11.97,12.36,178446629,2167126598,0.984917609,13.36,10.93,12.14,12.14,0
2017/11/13,12.16,12.71,12.16,12.9,260621417,3307955289,0.984917609,13.33,10.9,12.69,12.11,0
2017/11/14,12.75,12.75,12.62,13.06,180756487,2318092534,0.984917609,13.98,11.43,12.82,12.71,0
2017/11/15,12.71,12.71,12.58,12.93,128239384,1627912725,0.984917609,14.04,11.48,12.69,12.75,0
2017/11/16,12.71,12.9,12.48,12.92,121920330,1550701791,0.984917609,13.98,11.43,12.72,12.71,0
2017/11/17,12.97,12.98,12.83,13.26,209575877,2731215934,0.984917609,14.19,11.61,13.03,12.9,0
2017/11/20,12.93,14.04,12.85,14.04,288747586,3860145473,0.984917609,14.28,11.68,13.37,12.98,0
2017/11/21,13.86,14.23,13.8,14.57,253353965,3609849025,0.984917609,15.44,12.64,14.25,14.04,0
2017/11/22,14.26,14.87,14.26,15.01,260959032,3839501154,0.984917609,15.66,12.81,14.71,14.23,0
2017/11/23,14.92,14.13,13.86,15.01,246634045,3562843400,0.984917609,16.36,13.39,14.45,14.87,0
2017/11/24,14.07,14.34,13.57,14.37,267046669,3732597276,0.984917609,15.55,12.73,13.98,14.13,0
2017/11/27,14.08,13.72,13.54,14.08,209569340,2878491901,0.984917609,15.78,12.9,13.74,14.34,0
2017/11/28,13.64,13.49,13.2,13.64,179348251,2396540133,0.984917609,15.09,12.35,13.36,13.72,0
2017/11/29,13.52,13.61,13.27,13.72,158804647,2148312655,0.984917609,14.84,12.14,13.53,13.49,0
2017/11/30,13.49,13.18,13.06,13.52,140076256,1866700885,0.984917609,14.97,12.25,13.33,13.61,0
2017/12/1,13.2,12.8,12.76,13.28,181226646,2354299657,0.984917609,14.5,11.86,12.99,13.18,0
2017/12/4,12.85,13.1,12.8,13.17,147628942,1923315713,0.984917609,14.08,11.52,13.03,12.8,0
2017/12/5,12.95,13.1,12.9,13.29,175007666,2301867654,0.984917609,14.41,11.79,13.15,13.1,0
2017/12/6,13.06,12.88,12.6,13.07,164465022,2104168537,0.984917609,14.41,11.79,12.79,13.1,0
2017/12/7,12.85,12.64,12.56,12.94,120005758,1526953344,0.984917609,14.17,11.59,12.72,12.88,0
2017/12/8,12.7,12.89,12.56,12.89,137200820,1751423113,0.984917609,13.9,11.38,12.77,12.64,0
2017/12/11,12.88,13.3,12.69,13.37,229659081,2980735572,0.984917609,14.18,11.6,12.98,12.89,0
2017/12/12,13.2,12.82,12.82,13.28,177010318,2302354902,0.984917609,14.63,11.97,13.01,13.3,0
2017/12/13,12.8,12.93,12.69,13,130899082,1679022036,0.984917609,14.1,11.54,12.83,12.82,0
2017/12/14,12.95,12.8,12.72,13.11,101734193,1311131918,0.984917609,14.22,11.64,12.89,12.93,0
2017/12/15,12.71,12.53,12.48,12.73,111679646,1405372004,0.984917609,14.08,11.52,12.58,12.8,0
2017/12/18,12.54,12.56,12.45,12.72,81779888,1029422753,0.984917609,13.78,11.28,12.59,12.53,0
2017/12/19,12.6,13.08,12.55,13.12,243466350,3138687566,0.984917609,13.82,11.31,12.89,12.56,0
2017/12/20,13,13.06,12.93,13.11,112318539,1463802117,0.984917609,14.39,11.77,13.03,13.08,0
2017/12/21,12.98,13.34,12.96,13.47,150794689,2005617684,0.984917609,14.37,11.75,13.3,13.06,0
2017/12/22,13.3,13.32,13.25,13.42,75427725,1004525769,0.984917609,14.67,12.01,13.32,13.34,0
2017/12/25,13.32,13.05,12.96,13.65,160984753,2145040658,0.984917609,14.65,11.99,13.32,13.32,0
2017/12/26,13.06,13.45,12.99,13.48,114089589,1510826264,0.984917609,14.36,11.75,13.24,13.05,0
2017/12/27,13.38,13.09,12.99,13.57,138749345,1848165006,0.984917609,14.8,12.1,13.32,13.45,0
2017/12/28,13.08,13.01,12.82,13.26,157681257,2052944539,0.984917609,14.4,11.78,13.02,13.09,0
2017/12/29,13.01,13.1,12.9,13.23,99796726,1303222040,0.984917609,14.31,11.71,13.06,13.01,0
2018/1/2,13.15,13.49,13.12,13.72,211346871,2856543822,0.984917609,14.41,11.79,13.52,13.1,0
2018/1/3,13.52,13.13,13,13.65,300786416,4006220767,0.984917609,14.84,12.14,13.32,13.49,0
2018/1/4,13.12,13.05,12.93,13.17,188290824,2454543516,0.984917609,14.44,11.82,13.04,13.13,0
2018/1/5,13.01,13.1,12.95,13.15,122884667,1603289518,0.984917609,14.36,11.75,13.05,13.05,0
2018/1/8,13.05,12.76,12.67,13.09,219167653,2806099170,0.984917609,14.41,11.79,12.8,13.1,0
2018/1/9,12.76,12.88,12.73,13,136493152,1754315792,0.984917609,14.04,11.48,12.85,12.76,0
2018/1/10,12.84,13.27,12.73,13.29,244007960,3196055831,0.984917609,14.17,11.59,13.1,12.88,0
2018/1/11,13.21,13.2,13.07,13.39,146598842,1937494294,0.984917609,14.6,11.94,13.22,13.27,0
2018/1/12,13.25,13.35,13.21,13.47,137472555,1833435672,0.984917609,14.52,11.88,13.34,13.2,0
2018/1/15,13.31,13.99,13.3,14.11,317020881,4376707089,0.984917609,14.69,12.02,13.81,13.35,0
2018/1/16,13.96,13.99,13.81,14.16,248198324,3479177087,0.984917609,15.38,12.59,14.02,13.99,0
2018/1/17,14.11,14.02,13.99,14.58,269697078,3849312882,0.984917609,15.38,12.59,14.27,13.99,0
2018/1/18,14.18,14.5,14.06,14.5,218092029,3120455742,0.984917609,15.41,12.62,14.31,14.02,0
2018/1/19,14.58,14.58,14.46,14.9,261051957,3832857440,0.984917609,15.95,13.05,14.68,14.5,0
2018/1/22,14.38,14.22,14.21,14.71,210562500,3032799070,0.984917609,16.03,13.12,14.4,14.58,0
2018/1/23,14.14,14.43,14.11,14.68,242537211,3492462006,0.984917609,15.64,12.8,14.4,14.22,0
2018/1/24,14.44,14.42,14.28,14.85,263097349,3838734923,0.984917609,15.88,12.99,14.59,14.43,0
2018/1/25,14.23,13.99,13.79,14.25,240627700,3360822345,0.984917609,15.86,12.98,13.97,14.42,0
2018/1/26,13.97,13.84,13.81,14.12,206412052,2885104627,0.984917609,15.38,12.59,13.98,13.99,0
2018/1/29,13.84,13.53,13.39,14.04,212255996,2911452095,0.984917609,15.23,12.46,13.72,13.84,0
2018/1/30,13.49,13.44,13.35,13.63,111150400,1497708873,0.984917609,14.88,12.18,13.47,13.53,0
2018/1/31,13.39,13.84,13.33,13.84,177449273,2423104767,0.984917609,14.79,12.1,13.65,13.44,0
2018/2/1,13.74,13.82,13.63,14.08,203632744,2821583609,0.984917609,15.23,12.46,13.86,13.84,0
2018/2/2,13.7,13.84,13.42,13.89,119452906,1637619618,0.984917609,15.2,12.44,13.71,13.82,0
2018/2/5,13.59,14.33,13.52,14.35,236770861,3326355315,0.984917609,15.23,12.46,14.05,13.84,0
2018/2/6,14.02,13.79,13.72,14.11,262242447,3641294710,0.984917609,15.77,12.9,13.89,14.33,0
2018/2/7,14.01,12.73,12.57,14.08,339695112,4521586590,0.984917609,15.17,12.41,13.31,13.79,0
2018/2/8,12.64,12.35,12.34,12.73,217055218,2711464886,0.984917609,14,11.45,12.49,12.73,0
2018/2/9,11.9,11.51,11.21,11.9,286820920,3308553502,0.984917609,13.58,11.12,11.54,12.35,0
2018/2/12,11.6,11.54,11.39,11.66,124759922,1439644312,0.984917609,12.67,10.36,11.54,11.51,0
2018/2/13,11.69,11.76,11.66,12.03,131805816,1562420005,0.984917609,12.7,10.39,11.85,11.54,0
2018/2/14,11.78,11.82,11.58,11.85,87742389,1030474410,0.984917609,12.93,10.59,11.74,11.76,0
2018/2/22,12.07,12.27,12.07,12.34,128782962,1573562576,0.984917609,13,10.64,12.22,11.82,0
2018/2/23,12.39,12.42,12.26,12.6,102918578,1278185722,0.984917609,13.5,11.04,12.42,12.27,0
2018/2/26,12.58,12.44,12.26,12.66,106177281,1318960464,0.984917609,13.66,11.18,12.42,12.42,0
2018/2/27,12.45,12.09,12.01,12.51,130556003,1590018492,0.984917609,13.68,11.2,12.18,12.44,0
2018/2/28,11.92,11.87,11.75,12.01,123273823,1463313703,0.984917609,13.31,10.88,11.87,12.09,0
2018/3/1,11.74,11.86,11.72,11.97,90053947,1069354491,0.984917609,13.06,10.69,11.87,11.87,0
2018/3/2,11.74,11.77,11.67,11.86,67327881,791736473.3,0.984917609,13.04,10.68,11.76,11.86,0
2018/3/5,11.75,11.68,11.62,11.9,76573220,897244265.1,0.984917609,12.95,10.6,11.72,11.77,0
2018/3/6,11.77,11.92,11.59,11.93,116777533,1373438383,0.984917609,12.85,10.51,11.76,11.68,0
2018/3/7,11.97,11.87,11.86,12.15,144943121,1744085270,0.984917609,13.11,10.73,12.03,11.92,0
2018/3/8,11.87,11.93,11.77,11.97,70031749,832153697.1,0.984917609,13.06,10.69,11.88,11.87,0
2018/3/9,11.97,11.91,11.8,12.02,95833089,1139043575,0.984917609,13.12,10.74,11.89,11.93,0
2018/3/12,11.97,11.85,11.77,11.99,128812939,1526643479,0.984917609,13.1,10.72,11.85,11.91,0
2018/3/13,11.86,11.84,11.82,12.04,109884046,1309543467,0.984917609,13.03,10.67,11.92,11.85,0
2018/3/14,11.8,11.74,11.65,11.82,64532721,757090756.4,0.984917609,13.02,10.66,11.73,11.84,0
2018/3/15,11.61,11.53,11.48,11.67,117339229,1356878634,0.984917609,12.91,10.57,11.56,11.74,0
2018/3/16,11.54,11.46,11.46,11.67,97772988,1130784171,0.984917609,12.69,10.38,11.57,11.53,0
2018/3/19,11.48,11.65,11.43,11.66,82092016,947664744.4,0.984917609,12.61,10.32,11.54,11.46,0
2018/3/20,11.56,11.64,11.54,11.7,78803548,916858475.9,0.984917609,12.81,10.49,11.63,11.65,0
2018/3/21,11.77,11.72,11.67,11.94,146723898,1736437401,0.984917609,12.8,10.48,11.83,11.64,0
2018/3/22,11.72,11.48,11.44,11.79,99935102,1155741056,0.984917609,12.89,10.55,11.56,11.72,0
2018/3/23,11.08,11.17,10.76,11.18,185364820,2037734400,0.984917609,12.64,10.33,10.99,11.48,0
2018/3/26,10.98,10.77,10.7,11.03,140478604,1519435011,0.984917609,12.28,10.06,10.82,11.17,0
2018/3/27,10.93,10.77,10.7,11,112083854,1213989931,0.984917609,11.84,9.69,10.83,10.77,0
2018/3/28,10.69,10.73,10.63,10.97,111585312,1201023442,0.984917609,11.85,9.7,10.76,10.77,0
2018/3/29,10.76,10.88,10.39,11,135097836,1445281830,0.984917609,11.8,9.65,10.7,10.73,0
2018/3/30,10.87,10.74,10.72,10.88,76369198,823438180.7,0.984917609,11.98,9.8,10.78,10.88,0
2018/4/2,10.71,10.55,10.54,10.82,112630378,1200911980,0.984917609,11.81,9.66,10.66,10.74,0
2018/4/3,10.44,10.4,10.35,10.51,90438595,942237800.7,0.984917609,11.6,9.49,10.42,10.55,0
2018/4/4,10.52,10.71,10.44,10.84,162702821,1737258898,0.984917609,11.44,9.36,10.68,10.4,0
2018/4/9,10.64,10.85,10.57,10.93,109125449,1180084372,0.984917609,11.78,9.63,10.81,10.71,0
2018/4/10,10.85,11.25,10.8,11.29,141225091,1562265090,0.984917609,11.94,9.77,11.06,10.85,0
2018/4/11,11.22,11.65,11.21,11.74,212806679,2458982163,0.984917609,12.37,10.12,11.56,11.25,0
2018/4/12,11.62,11.35,11.25,11.65,119109271,1364675848,0.984917609,12.81,10.49,11.46,11.65,0
2018/4/13,11.46,11.4,11.28,11.61,132016725,1516155527,0.984917609,12.48,10.21,11.48,11.35,0
2018/4/16,11.3,10.93,10.86,11.3,144892608,1593706086,0.984917609,12.54,10.25,11,11.4,0
2018/4/17,10.95,11.04,10.94,11.28,132182805,1468159350,0.984917609,12.03,9.84,11.11,10.93,0
2018/4/18,11.28,11.33,11.11,11.43,149844547,1692722924,0.984917609,12.14,9.94,11.3,11.04,0
2018/4/19,11.35,11.3,11.25,11.51,86213489,979593564.6,0.984917609,12.46,10.19,11.36,11.33,0
2018/4/20,11.34,11.18,11.03,11.41,97337143,1090801311,0.984917609,12.43,10.16,11.21,11.3,0
2018/4/23,11.13,11.4,11.09,11.43,108667907,1228544006,0.984917609,12.3,10.07,11.31,11.18,0
2018/4/24,11.45,11.68,11.41,11.76,148347312,1725152198,0.984917609,12.54,10.25,11.63,11.4,0
2018/4/25,11.58,11.5,11.45,11.63,74146961,854713248.9,0.984917609,12.85,10.51,11.53,11.68,0
2018/4/26,11.48,11.25,11.14,11.51,88762339,1002483154,0.984917609,12.66,10.35,11.29,11.5,0
2018/4/27,11.32,10.69,10.47,11.34,275129174,2958464278,0.984917609,12.37,10.12,10.75,11.25,0
2018/5/2,10.8,10.72,10.64,10.86,120875408,1295804421,0.984917609,11.76,9.62,10.72,10.69,0
2018/5/3,10.7,10.59,10.41,10.72,130097742,1372765846,0.984917609,11.79,9.64,10.55,10.72,0
2018/5/4,10.57,10.52,10.5,10.67,72138980,761302468.7,0.984917609,11.65,9.53,10.55,10.59,0
2018/5/7,10.54,10.65,10.48,10.67,98922962,1046743102,0.984917609,11.57,9.47,10.58,10.52,0
2018/5/8,10.67,10.84,10.64,10.98,139433560,1511546681,0.984917609,11.71,9.58,10.84,10.65,0
2018/5/9,10.81,10.8,10.72,10.86,63726765,687036874.4,0.984917609,11.93,9.76,10.78,10.84,0
2018/5/10,10.86,10.84,10.75,10.92,56120012,607349997.2,0.984917609,11.89,9.72,10.82,10.8,0
2018/5/11,10.87,10.84,10.79,10.96,78419723,853271166.6,0.984917609,11.93,9.76,10.88,10.84,0
2018/5/14,10.92,11.01,10.86,11.06,105521228,1158064201,0.984917609,11.93,9.76,10.97,10.84,0
2018/5/15,11.01,10.95,10.85,11.02,67951008,742590447.7,0.984917609,12.11,9.91,10.93,11.01,0
2018/5/16,10.9,10.74,10.73,10.9,72530136,782694669.7,0.984917609,12.05,9.86,10.79,10.95,0
2018/5/17,10.75,10.66,10.62,10.77,59547558,635675441,0.984917609,11.81,9.66,10.68,10.74,0
2018/5/18,10.65,10.79,10.6,10.8,58724178,628250184.9,0.984917609,11.72,9.59,10.7,10.66,0
2018/5/21,10.9,10.78,10.77,10.94,77522583,838750577.7,0.984917609,11.88,9.71,10.82,10.79,0
2018/5/22,10.78,10.7,10.63,10.81,59890477,639815249.4,0.984917609,11.87,9.71,10.68,10.78,0
2018/5/23,10.66,10.49,10.46,10.66,100619207,1058587812,0.984917609,11.77,9.62,10.52,10.7,0
2018/5/24,10.5,10.45,10.42,10.52,69868994,730678763.9,0.984917609,11.54,9.45,10.46,10.49,0
2018/5/25,10.45,10.43,10.39,10.51,60242163,629735450.6,0.984917609,11.49,9.41,10.45,10.45,0
2018/5/28,10.42,10.43,10.35,10.5,57812036,602590746.6,0.984917609,11.47,9.39,10.42,10.43,0
2018/5/29,10.42,10.22,10.19,10.47,90311612,930386966.6,0.984917609,11.47,9.39,10.3,10.43,0
2018/5/30,10.13,9.93,9.9,10.13,114166609,1139918753,0.984917609,11.25,9.2,9.99,10.22,0
2018/5/31,9.96,10.03,9.87,10.04,100248018,999216333,0.984917609,10.92,8.93,9.97,9.93,0
2018/6/1,10,10.04,9.92,10.13,60635647,608398867.5,0.984917609,11.03,9.02,10.03,10.03,0
2018/6/4,10.08,10.12,10,10.15,60211976,608291978.4,0.984917609,11.04,9.03,10.1,10.04,0
2018/6/5,10.13,10.11,9.96,10.14,66659459,670740302,0.984917609,11.13,9.1,10.06,10.12,0
2018/6/6,10.1,9.99,9.95,10.11,72365790,724032796.3,0.984917609,11.12,9.09,10,10.11,0
2018/6/7,10.05,10.21,10.03,10.3,128197342,1306425478,0.984917609,10.98,8.99,10.19,9.99,0
2018/6/8,10.17,9.97,9.91,10.17,111621501,1114968857,0.984917609,11.24,9.19,9.99,10.21,0
2018/6/11,9.91,9.89,9.85,9.98,73242165,724687998.6,0.984917609,10.96,8.97,9.89,9.97,0
2018/6/12,9.88,9.91,9.8,9.93,92728642,914001701.5,0.984917609,10.87,8.9,9.86,9.89,0
2018/6/13,9.89,9.8,9.8,9.91,53870934,530483756.7,0.984917609,10.9,8.91,9.85,9.91,0
2018/6/14,9.8,9.92,9.77,10,87965938,872487574.3,0.984917609,10.78,8.82,9.92,9.8,0
2018/6/15,9.93,10.02,9.91,10.13,126782979,1273412999,0.984917609,10.91,8.92,10.04,9.92,0
2018/6/19,9.9,9.72,9.67,10,158985326,1565756560,0.984917609,11.02,9.01,9.85,10.02,0
2018/6/20,9.72,9.76,9.61,9.8,77533116,752950700.7,0.984917609,10.7,8.75,9.71,9.72,0
2018/6/21,9.78,9.71,9.71,9.89,85293507,836014838.1,0.984917609,10.74,8.79,9.8,9.76,0
2018/6/22,9.65,9.7,9.62,9.72,66789192,645752909.3,0.984917609,10.69,8.74,9.67,9.71,0
2018/6/25,9.76,9.32,9.24,9.77,121351531,1154559081,0.984917609,10.68,8.74,9.51,9.7,0
2018/6/26,9.25,9.22,8.95,9.3,114137155,1042528544,0.984917609,10.25,8.38,9.13,9.32,0
2018/6/27,9.17,8.95,8.89,9.26,106114732,958871648.2,0.984917609,10.14,8.29,9.04,9.22,0
2018/6/28,8.82,8.79,8.74,8.94,112777355,996801234.7,0.984917609,9.85,8.06,8.84,8.95,0
2018/6/29,8.87,8.95,8.82,8.99,68564078,611346088.7,0.984917609,9.66,7.91,8.92,8.79,0
2018/7/2,8.91,8.48,8.42,8.91,133566515,1158545869,0.984917609,9.85,8.06,8.67,8.95,0
2018/7/3,8.56,8.54,8.32,8.57,129436062,1096657033,0.984917609,9.33,7.63,8.47,8.48,0
2018/7/4,8.5,8.48,8.48,8.62,72204351,617278560,0.984917609,9.4,7.68,8.55,8.54,0
2018/7/5,8.49,8.47,8.42,8.6,84856719,722169579,0.984917609,9.33,7.63,8.51,8.48,0
2018/7/6,8.48,8.53,8.32,8.65,100341661,852071527,0.984917609,9.32,7.62,8.49,8.47,0
2018/7/9,8.56,8.89,8.55,8.89,143154573,1255007610,0.984917609,9.39,7.67,8.77,8.53,0
2018/7/10,8.88,8.84,8.76,8.88,91059599,803038965.3,0.984917609,9.78,8.01,8.82,8.89,0
2018/7/11,8.63,8.65,8.55,8.7,86433291,744765824.9,0.984917609,9.73,7.96,8.62,8.84,0
2018/7/12,8.6,8.88,8.58,8.97,114049231,1008658829,1,9.5,7.78,8.84,8.64,0
2018/7/13,8.92,8.88,8.82,8.94,60337821,535401175.5,1,9.77,7.99,8.87,8.88,0
2018/7/16,8.85,8.73,8.69,8.9,68984558,603427713.2,1,9.77,7.99,8.75,8.88,0
2018/7/17,8.74,8.72,8.66,8.75,37535633,326396995,1,9.6,7.86,8.7,8.73,0
2018/7/18,8.75,8.7,8.69,8.85,52515277,460697377.1,1,9.59,7.85,8.77,8.72,0
2018/7/19,8.75,8.73,8.69,8.81,46137239,403674308.2,1,9.57,7.83,8.75,8.7,0
2018/7/20,8.73,9.11,8.61,9.2,175427740,1576843937,1,9.6,7.86,8.99,8.73,0
2018/7/23,9.04,9.42,9,9.45,178168826,1646028021,1,10.02,8.2,9.24,9.11,0
2018/7/24,9.39,9.4,9.33,9.59,142589416,1348746827,1,10.36,8.48,9.46,9.42,0
2018/7/25,9.44,9.38,9.33,9.47,61412281,575752177,1,10.34,8.46,9.38,9.4,0
2018/7/26,9.4,9.25,9.21,9.48,83335815,778429753.8,1,10.32,8.44,9.34,9.38,0
2018/7/27,9.3,9.25,9.18,9.36,51512603,477527419.5,1,10.18,8.33,9.27,9.25,0
2018/7/30,9.32,9.39,9.26,9.49,70638597,661767547.6,1,10.18,8.33,9.37,9.25,0
2018/7/31,9.37,9.42,9.25,9.49,72015080,674484650.7,1,10.33,8.45,9.37,9.39,0
2018/8/1,9.42,9.15,9.11,9.5,81408168,759282229.7,1,10.36,8.48,9.33,9.42,0
2018/8/2,9.13,8.94,8.88,9.15,93140128,839272254.4,1,10.07,8.24,9.01,9.15,0
2018/8/3,8.93,8.91,8.91,9.1,47654662,428641526.2,1,9.83,8.05,8.99,8.94,0
2018/8/6,8.94,8.94,8.89,9.11,55401008,497906686.3,1,9.8,8.02,8.99,8.91,0
2018/8/7,8.96,9.17,8.88,9.17,69042319,624359656.4,1,9.83,8.05,9.04,8.94,0
2018/8/8,9.16,9.05,9.04,9.16,57895316,527526989.8,1,10.09,8.25,9.11,9.17,0
2018/8/9,9.04,9.29,9.02,9.35,80678377,746469808.1,1,9.96,8.15,9.25,9.05,0
2018/8/10,9.3,9.23,9.16,9.32,42416836,391366341.6,1,10.22,8.36,9.23,9.29,0
2018/8/13,9.12,9.05,8.9,9.16,81849112,736947790.5,1,10.15,8.31,9,9.23,0
2018/8/14,9.03,9,8.94,9.04,43024036,386334618,1,9.96,8.15,8.98,9.05,0
2018/8/15,9.02,8.79,8.75,9.02,67044285,594759517.1,1,9.9,8.1,8.87,9,0
2018/8/16,8.73,8.78,8.64,8.89,63827255,559523123,1,9.67,7.91,8.77,8.79,0
2018/8/17,8.88,8.81,8.78,8.94,64947656,576683267.1,1,9.66,7.9,8.88,8.78,0
2018/8/20,8.9,9,8.87,9.02,68132206,609934725.6,1,9.69,7.93,8.95,8.81,0
2018/8/21,9.02,9.23,9.01,9.26,126447447,1163292795,1,9.9,8.1,9.2,9,0
2018/8/22,9.24,9.29,9.13,9.34,98243398,909598743.3,1,10.15,8.31,9.26,9.23,0
2018/8/23,9.3,9.36,9.23,9.42,72907462,680941392.2,1,10.22,8.36,9.34,9.29,0
2018/8/24,9.31,10.03,9.29,10.28,304040839,2995071977,1,10.3,8.42,9.85,9.36,0
2018/8/27,10.02,10.43,9.97,10.43,221842422,2251527721,1,11.03,9.03,10.15,10.03,0
2018/8/28,10.34,10.29,10.24,10.43,128977724,1331917861,1,11.47,9.39,10.33,10.43,0
2018/8/29,10.25,10.27,10.15,10.33,90188349,923581546.5,1,11.32,9.26,10.24,10.29,0
2018/8/30,10.27,10.12,10.08,10.35,99491773,1013877514,1,11.3,9.24,10.19,10.27,0
2018/8/31,10.13,10.13,10.1,10.32,131086524,1337898870,1,11.13,9.11,10.21,10.12,0
2018/9/3,10.09,10.19,10.09,10.3,71169567,725303291.7,1,11.14,9.12,10.19,10.13,0
2018/9/4,10.2,10.43,10.07,10.55,129634208,1339756564,1,11.21,9.17,10.34,10.19,0
2018/9/5,10.3,10.05,10.05,10.33,117945317,1202345698,1,11.47,9.39,10.19,10.43,0
2018/9/6,10.05,9.97,9.95,10.14,71177755,713975749,1,11.06,9.05,10.03,10.05,0
2018/9/7,10.04,10.01,9.93,10.18,80903534,815151723,1,10.97,8.97,10.08,9.97,0
2018/9/10,10.01,9.88,9.84,10.07,63698929,631174169.9,1,11.01,9.01,9.91,10.01,0
2018/9/11,9.9,9.91,9.81,10.03,71296751,707337570.1,1,10.87,8.89,9.92,9.88,0
2018/9/12,9.87,9.88,9.82,9.97,56482916,558399563.2,1,10.9,8.92,9.89,9.91,0
2018/9/13,10.09,9.96,9.84,10.1,99972561,993389970.4,1,10.87,8.89,9.94,9.88,0
2018/9/14,9.98,9.84,9.81,9.98,61975019,611422480.2,1,10.96,8.96,9.87,9.96,0
2018/9/17,9.8,9.69,9.68,9.8,51708233,502609643.6,1,10.82,8.86,9.72,9.84,0
2018/9/18,9.73,10.08,9.7,10.12,112680742,1120867543,1,10.66,8.72,9.95,9.69,0
2018/9/19,10.03,10.24,10.03,10.34,123154877,1257191506,1,11.09,9.07,10.21,10.08,0
2018/9/20,10.27,10.23,10.19,10.36,62034836,636742814.2,1,11.26,9.22,10.26,10.24,0
2018/9/21,10.26,10.67,10.18,10.7,162451841,1707850488,1,11.25,9.21,10.51,10.23,0
2018/9/25,10.52,10.55,10.48,10.68,97701470,1030715785,1,11.74,9.6,10.55,10.67,0
2018/9/26,10.61,10.71,10.52,10.92,149051343,1600626209,1,11.61,9.5,10.74,10.55,0
2018/9/27,10.65,10.74,10.57,10.84,88036333,942200398.6,1,11.78,9.64,10.7,10.71,0
2018/9/28,10.78,11.05,10.78,11.27,211024267,2331358289,1,11.81,9.67,11.05,10.74,0
2018/10/8,10.7,10.45,10.45,10.79,168635852,1793455283,1,12.16,9.95,10.64,11.05,0
2018/10/9,10.46,10.56,10.39,10.7,106408426,1117946551,1,11.5,9.41,10.51,10.45,0
2018/10/10,10.54,10.45,10.38,10.66,99520008,1045666181,1,11.62,9.5,10.51,10.56,0
2018/10/11,10.05,9.86,9.7,10.16,199514383,1994186612,1,11.5,9.41,9.99,10.45,0
2018/10/12,9.97,10.3,9.87,10.34,151681028,1532651400,1,10.85,8.87,10.1,9.86,0
2018/10/15,10.39,10.11,10.09,10.47,140268530,1443043059,1,11.33,9.27,10.29,10.3,0
2018/10/16,10.14,10.37,10.12,10.54,139692105,1450020371,1,11.12,9.1,10.38,10.11,0
2018/10/17,10.5,10.33,10.14,10.55,135088983,1400306336,1,11.41,9.33,10.37,10.37,0
2018/10/18,10.29,10.09,10.06,10.29,100115605,1015654822,1,11.36,9.3,10.14,10.33,0
2018/10/19,9.95,10.76,9.92,10.78,208366732,2173571255,1,11.1,9.08,10.43,10.09,0
2018/10/22,10.81,11.15,10.78,11.46,264554312,2932714471,1,11.84,9.68,11.08,10.76,0
2018/10/23,11.2,10.84,10.73,11.22,160254592,1759265959,1,12.27,10.04,10.98,11.15,0
2018/10/24,10.9,11.04,10.8,11.33,182942464,2026171912,1,11.92,9.76,11.08,10.84,0
2018/10/25,10.8,11.29,10.71,11.29,168501136,1855823739,1,12.14,9.94,11.01,11.04,0
2018/10/26,11.29,11.18,10.96,11.31,129997510,1448843512,1,12.42,10.16,11.14,11.29,0
2018/10/29,11.2,10.75,10.62,11.24,159162878,1725932498,1,12.3,10.06,10.84,11.18,0
2018/10/30,10.78,10.9,10.73,11.08,150182786,1641371787,1,11.83,9.68,10.93,10.75,0
2018/10/31,10.95,10.91,10.75,10.99,115268379,1252156776,1,11.99,9.81,10.86,10.9,0
2018/11/1,10.99,10.83,10.76,11.05,154277632,1679443450,1,12,9.82,10.89,10.91,0
2018/11/2,11.04,11.09,10.83,11.16,221292287,2439179136,1,11.91,9.75,11.02,10.83,0
2018/11/5,10.95,10.92,10.82,11.04,129192417,1409457171,1,12.2,9.98,10.91,11.09,0
2018/11/6,10.87,10.84,10.73,10.93,73572574,795322638.3,1,12.01,9.83,10.81,10.92,0
2018/11/7,10.83,10.81,10.75,10.95,78559741,851487053.9,1,11.92,9.76,10.84,10.84,0
2018/11/8,10.88,10.89,10.82,10.97,79397600,864744243,1,11.89,9.73,10.89,10.81,0
2018/11/9,10.71,10.55,10.4,10.73,162926917,1716198383,1,11.98,9.8,10.53,10.89,0
2018/11/12,10.46,10.56,10.38,10.58,92033388,965756504.4,1,11.61,9.5,10.49,10.55,0
2018/11/13,10.41,10.54,10.38,10.65,107249762,1126736143,1,11.62,9.5,10.51,10.56,0
2018/11/14,10.53,10.44,10.42,10.55,77423985,810357748.2,1,11.59,9.49,10.47,10.54,0
2018/11/15,10.44,10.62,10.42,10.64,90146198,949991801.2,1,11.48,9.4,10.54,10.44,0
2018/11/16,10.61,10.57,10.49,10.72,105959259,1123173219,1,11.68,9.56,10.6,10.62,0
2018/11/19,10.57,10.85,10.57,10.88,136088709,1466899417,1,11.63,9.51,10.78,10.57,0
2018/11/20,10.75,10.57,10.52,10.8,103387753,1099654683,1,11.94,9.77,10.64,10.85,0
2018/11/21,10.5,10.61,10.48,10.67,66615733,705638355.2,1,11.63,9.51,10.59,10.57,0
2018/11/22,10.67,10.55,10.48,10.67,50026785,527103281.2,1,11.67,9.55,10.54,10.61,0
2018/11/23,10.53,10.32,10.31,10.58,70035815,730667665.4,1,11.61,9.5,10.43,10.55,0
2018/11/26,10.34,10.34,10.3,10.46,51656911,535963342.9,1,11.35,9.29,10.38,10.32,0
2018/11/27,10.35,10.18,10.16,10.39,73344838,752824120.3,1,11.37,9.31,10.26,10.34,0
2018/11/28,10.17,10.28,10.16,10.31,53775145,550820246.7,1,11.2,9.16,10.24,10.18,0
2018/11/29,10.35,10.2,10.19,10.39,48528405,499068827,1,11.31,9.25,10.28,10.28,0
2018/11/30,10.22,10.36,10.17,10.36,59471532,610571532.6,1,11.22,9.18,10.27,10.2,0
2018/12/3,10.59,10.59,10.47,10.66,106409717,1126374830,1,11.4,9.32,10.58,10.36,0
2018/12/4,10.57,10.59,10.53,10.62,53481305,565743744.9,1,11.65,9.53,10.58,10.59,0
2018/12/5,10.49,10.45,10.4,10.51,58154527,608133290.3,1,11.65,9.53,10.46,10.59,0
2018/12/6,10.36,10.25,10.23,10.37,57886648,594649683,1,11.5,9.41,10.27,10.45,0
2018/12/7,10.3,10.28,10.27,10.39,34021615,351101370.4,1,11.28,9.23,10.32,10.25,0
2018/12/10,10.22,10.17,10.13,10.27,49481887,504040654,1,11.31,9.25,10.19,10.28,0
2018/12/11,10.21,10.23,10.17,10.26,29908962,305389210.5,1,11.19,9.15,10.21,10.17,0
2018/12/12,10.3,10.24,10.2,10.32,36637903,375402863.9,1,11.25,9.21,10.25,10.23,0
2018/12/13,10.25,10.39,10.2,10.48,79084521,819920689.2,1,11.26,9.22,10.37,10.24,0
2018/12/14,10.34,10.17,10.16,10.35,52667513,539263012.1,1,11.43,9.35,10.24,10.39,0
2018/12/17,10.16,10.29,10.1,10.33,57127487,584679512.2,1,11.19,9.15,10.24,10.17,0
2018/12/18,10.2,10.12,10.1,10.32,53774430,547157562.8,1,11.32,9.26,10.18,10.29,0
2018/12/19,10.14,9.94,9.9,10.18,59800701,600090171.2,1,11.13,9.11,10.04,10.12,0
2018/12/20,9.92,9.71,9.63,9.97,99028479,964202861.1,1,10.93,8.95,9.74,9.94,0
2018/12/21,9.68,9.45,9.33,9.7,100061676,944460332.4,1,10.68,8.74,9.44,9.71,0
2018/12/24,9.4,9.42,9.31,9.45,50911767,477186904.8,1,10.4,8.51,9.37,9.45,0
2018/12/25,9.29,9.34,9.21,9.43,58661545,545235607.9,1,10.36,8.48,9.3,9.42,0
2018/12/26,9.35,9.3,9.27,9.42,42114060,393215141,1,10.27,8.41,9.34,9.34,0
2018/12/27,9.45,9.28,9.28,9.49,62459327,586343755,1,10.23,8.37,9.39,9.3,0
2018/12/28,9.31,9.38,9.31,9.46,57660400,541571004.8,1,10.21,8.35,9.39,9.28,0
2019/1/2,9.39,9.19,9.16,9.42,53938632,498695109.7,1,10.32,8.44,9.25,9.38,0
2019/1/3,9.18,9.28,9.15,9.33,41553795,384457707.9,1,10.11,8.27,9.25,9.19,0
2019/1/4,9.24,9.75,9.22,9.82,148115906,1422149888,1,10.21,8.35,9.6,9.28,0
2019/1/7,9.84,9.74,9.63,9.85,86568766,841166430.7,1,10.73,8.78,9.72,9.75,0
2019/1/8,9.73,9.66,9.62,9.74,40238811,389247795.7,1,10.71,8.77,9.67,9.74,0
2019/1/9,9.74,9.94,9.7,10.08,123348636,1229465117,1,10.63,8.69,9.97,9.66,0
2019/1/10,9.87,10.1,9.86,10.2,107181766,1079711036,1,10.93,8.95,10.07,9.94,0
2019/1/11,10.11,10.2,10.05,10.22,69636455,708001802.2,1,11.11,9.09,10.17,10.1,0
2019/1/14,10.22,10.11,10.07,10.25,50044359,507862882.2,1,11.22,9.18,10.15,10.2,0
2019/1/15,10.11,10.24,10.09,10.28,54216055,553027309.6,1,11.12,9.1,10.2,10.11,0
2019/1/16,10.24,10.48,10.23,10.5,97769937,1017495116,1,11.26,9.22,10.41,10.24,0
2019/1/17,10.54,10.25,10.17,10.57,88281192,910212066.3,1,11.53,9.43,10.31,10.48,0
2019/1/18,10.34,10.43,10.28,10.49,73879326,769973638,1,11.28,9.23,10.42,10.25,0
2019/1/21,10.34,10.34,10.32,10.47,65935576,684465646.2,1,11.47,9.39,10.38,10.43,0
2019/1/22,10.34,10.28,10.26,10.44,42441357,438991450.4,1,11.37,9.31,10.34,10.34,0
2019/1/23,10.29,10.35,10.29,10.47,53787663,559384396.3,1,11.31,9.25,10.4,10.28,0
2019/1/24,10.4,10.52,10.37,10.55,67924088,711495718.2,1,11.39,9.32,10.48,10.35,0
2019/1/25,10.56,11,10.55,11.04,210836185,2299718225,1,11.57,9.47,10.91,10.52,0
2019/1/28,11.04,10.94,10.88,11.14,103590980,1141853834,1,12.1,9.9,11.02,11,0
2019/1/29,10.96,11,10.77,11.07,82663110,904847854.1,1,12.03,9.85,10.95,10.94,0
2019/1/30,10.95,10.95,10.86,11.18,71200101,785204571.6,1,12.1,9.9,11.03,11,0
2019/1/31,10.98,11.1,10.94,11.2,83162275,922602874.6,1,12.05,9.86,11.09,10.95,0
2019/2/1,11.2,11.2,10.96,11.25,101427007,1127216186,1,12.21,9.99,11.11,11.1,0
2019/2/11,11.08,11.21,10.97,11.21,80193663,889951528.8,1,12.32,10.08,11.1,11.2,0
2019/2/12,11.2,11.19,11.03,11.31,95993690,1071873085,1,12.33,10.09,11.17,11.21,0
2019/2/13,11.19,11.38,11.12,11.41,113736574,1280182097,1,12.31,10.07,11.26,11.19,0
2019/2/14,11.3,11.25,11.19,11.33,86918519,977818097.6,1,12.52,10.24,11.25,11.38,0
2019/2/15,11.23,10.95,10.9,11.23,110012746,1213914429,1,12.38,10.13,11.03,11.25,0
2019/2/18,11.05,11.36,11.04,11.36,125552221,1408279680,1,12.05,9.86,11.22,10.95,0
2019/2/19,11.36,11.27,11.24,11.62,127088204,1445281383,1,12.5,10.22,11.37,11.36,0
2019/2/20,11.33,11.41,11.25,11.53,83262987,949430819.5,1,12.4,10.14,11.4,11.27,0
2019/2/21,11.38,11.36,11.28,11.55,75424648,860591070.9,1,12.55,10.27,11.41,11.41,0
2019/2/22,11.35,11.54,11.15,11.57,118404779,1343020336,1,12.5,10.22,11.34,11.36,0
2019/2/25,11.7,12.55,11.57,12.64,282493502,3415946860,1,12.69,10.39,12.09,11.54,0
2019/2/26,12.55,12.2,12.15,12.57,201754493,2485673357,1,13.81,11.3,12.32,12.55,0
2019/2/27,12.24,12.4,12.15,12.66,197901388,2454404412,1,13.42,10.98,12.4,12.2,0
2019/2/28,12.44,12.36,12.27,12.61,111309980,1383110811,1,13.64,11.16,12.43,12.4,0
2019/3/1,12.48,12.76,12.2,12.78,171267916,2137669557,1,13.6,11.12,12.48,12.36,0
2019/3/4,12.7,12.99,12.62,13.38,245683039,3195011703,1,14.04,11.48,13,12.76,0
2019/3/5,12.91,13.06,12.84,13.29,140842222,1838251657,1,14.29,11.69,13.05,12.99,0
2019/3/6,13.06,13.08,12.84,13.15,124576020,1614670975,1,14.37,11.75,12.96,13.06,0
2019/3/7,13.06,12.74,12.55,13.06,178205731,2274151007,1,14.39,11.77,12.76,13.08,0
2019/3/8,12.49,12.3,12.25,12.7,177816210,2214572417,1,14.01,11.47,12.45,12.74,0
2019/3/11,12.3,12.32,12.05,12.49,115765077,1416000380,1,13.53,11.07,12.23,12.3,0
2019/3/12,12.49,12.36,12.24,12.64,141179492,1757797251,1,13.55,11.09,12.45,12.32,0
2019/3/13,12.34,12.37,12.13,12.55,126942716,1568387544,1,13.6,11.12,12.36,12.36,0
